18398880, ﻿JW Kitchen - JW Marriott,JW Kitchen - JW Marriott Hotel Kolkata, North Indian, European, Mediterranean, Thai, Salad, Juices
20404, Peter Cat,Peter Cat, Continental, North Indian
20842, Barbeque Nation,Barbeque Nation, North Indian, Chinese, Kebab, BBQ
25570, Barbeque Nation,Barbeque Nation, North Indian, Chinese, Kebab, BBQ
18017612, Spice Kraft,Spice Kraft, Continental, Asian, Middle Eastern
18017615, What's Up,What's Up, Chinese, Continental, Italian, Kebab
20002, 6 Ballygunge Place,6 Ballygunge Place, Bengali
24286, The Irish House,The Irish House, European, American
23273, Oudh 1590,Oudh 1590, Mughlai, Awadhi, Biryani
20350, Mocambo,Mocambo, Continental
24537, Jaisalmer,Jaisalmer- Sonar Kella, North Indian, Chinese
24760, Fly Kouzina,Fly Kouzina, Continental, North Indian, Chinese
20747, India Restaurant,India Restaurant, Biryani, North Indian, Chinese, Mughlai
21212, Flurys,Flurys, Bakery, Continental, Cafe, Desserts
23729, Chili's Grill & Bar,Chili's Grill & Bar, American, Mexican, Italian, Burger
24452, Sigree Global Grill,Sigree Global Grill, North Indian
24530, Santa's Fantasea,Santa's Fantasea, Seafood, Chinese
25628, Oudh 1590,Oudh 1590, Mughlai, Awadhi
20852, Afraa Restaurant And Lounge,Afraa Restaurant And Lounge, Continental, Italian, Mediterranean
21636, Blue And Beyond,Blue And Beyond, Continental, North Indian, Chinese, Kebab, Thai
20797, Arsalan,Arsalan, North Indian, Mughlai, Rolls
18259462, Ocean Grill,Ocean Grill, Continental, Seafood, North Indian, Asian
20870, BarBQ,BarBQ, Chinese, North Indian
18143268, Santa's Fantasea,Santa's Fantasea, Seafood, Chinese
18217475, Asia Kitchen by Mainland China,Asia Kitchen by Mainland China, Asian, Chinese, Momos
25664, Gabbar's Bar & Kitchen,Gabbar's Bar & Kitchen, North Indian, Chinese, Mexican, Italian
20240, Hatari,Hatari, Chinese, North Indian, Seafood
23933, Chowman,Chowman, Chinese, Seafood
23636, The Corner Courtyard,The Corner Courtyard, Continental, Seafood, Italian, European
20833, The Wall,The Wall, Chinese, Japanese, Seafood, Thai, Momos
24629, The Factory Outlet,TFO - The Factory Outlet, European, Mediterranean, Continental
22164, Mrs. Magpie,Mrs. Magpie, Cafe, Bakery, Desserts
18343765, My Big Fat Belly,My Big Fat Belly, American, Italian, Salad
24503, Yauatcha,Yauatcha, Tea, Chinese, Asian, Cantonese, Momos
18311134, Barcelos, Error Code = 404
18249144, Hoppipola,Hoppipola, Italian, Mexican, American, Mediterranean
20782, Haka,Haka, Chinese
24657, Abar Baithak,Abar Baithak, Cafe
24564, Paris Cafe,Paris Cafe, Cafe, Bakery, Desserts, Italian, Continental
18377112, Nawwarah,Nawwarah Fine Dine & Lounge, Chinese, Cafe, North Indian, Mexican, Continental, Italian
24342, The Bikers Cafe,The Bikers Cafe, Fast Food, American, European, Salad
24525, The Steak Factory,The Steak Factory, Continental, Italian
21885, Bon Appetit,Bon Appetit, Cafe, Italian, Desserts, Salad
20855, Olypub,Olypub, Continental, North Indian
20456, Scoop,Scoop, Fast Food, Chinese, South Indian, Continental, North Indian, Desserts, Momos
25587, TGI Friday's,TGI Fridays, Mexican, American
23557, Aminia,Aminia, Mughlai, Biryani, North Indian, Rolls
23767, Rang De Basanti Dhaba,Rang De Basanti Dhaba, North Indian
21426, Kaafila,Kaafila, North Indian, Afghani, Mughlai
25714, Chili's Grill & Bar,Chili's Grill & Bar, American, Mexican, Italian, Burger
23587, Tamara - Pipal Tree Hotel,Tamara - Pipal Tree Hotel, North Indian, Chinese, Mexican, Thai, Continental
21308, 6 Ballygunge Place,6 Ballygunge Place, Bengali
18198678, Momo I Am,Momo I Am, Tibetan, Chinese, Asian, Momos
21380, Tung Fong,Tung Fong, Asian
21411, Royal Indian Hotel,Royal Indian Hotel, Biryani, North Indian, Mughlai
25718, Chili's Grill & Bar,Chili's Grill & Bar, American, Mexican, Italian, Burger
23805, Au Bon Pain, Error Code = 404
25654, Hakuna Matata,Hakuna Matata, Continental, Mexican, Italian, North Indian
21997, Wise Owl,Wise Owl, Cafe, Italian, Salad
21346, Golden Joy,Golden Joy, Chinese
23831, Cafe Mezzuna,Cafe Mezzuna, Italian, Mediterranean, Salad
21431, Big Boss,Big Boss, Chinese
25199, MUD,MUD, Cafe, Fast Food
21347, Beijing,Beijing, Chinese
21176, Nizam's,Nizam's, Fast Food, Mughlai, North Indian
24205, Bombay Brasserie,Bombay Brasserie, North Indian
20613, Calcutta Bistro,Calcutta Bistro, Chinese, North Indian
21520, Bohemian,Bohemian, Bengali, North Indian, Seafood
20754, Balwant Singh's Eating House,Balwant Singh's Eating House, North Indian
18343730, The GRID,The GRID, Continental, Italian, Pizza
24313, Balle Balle Dhaba,Balle Balle Dhaba, North Indian
20518, Tandoor Park,Tandoor Park, North Indian, Chinese
21220, Flame & Grill,Flame N Grill Restaurant, North Indian, Continental
21578, CIT Cafe,CIT Cafe, Chinese, Seafood
18017610, Terminal 11,Terminal 11, Cafe, American, Beverages, Fast Food, Continental, Desserts, Italian, Salad
20928, Mainland China,Mainland China, Chinese, Momos
20720, Piccadilly Square,Piccadilly Square, Italian, Bakery, Desserts, Salad
21764, Indian Coffee House,Indian Coffee House, Cafe, Chinese, Fast Food
20287, KFC,KFC, Burger, Fast Food
21527, Shiraz Golden Restaurant,Shiraz Golden Restaurant, Biryani, Mughlai, North Indian
24735, Chai Break,Chai Break, Cafe, Fast Food, Italian, Mediterranean, Continental, Salad
18296364, 10 Downing Street,10 Downing Street, North Indian, Chinese, Continental
23899, Smoke House Deli, Error Code = 404
18259433, Tandoor House,Tandoor House, North Indian, Chinese
20661, The Grub Club,The Grub Club, Chinese, Thai, Momos
22095, Raj Spanish Cafe,Raj Spanish Cafe, Cafe, Spanish, Italian, Mexican, Salad, Juices
20348, Mirch Masala Restaurant & Bar,Mirch Masala Restaurant & Bar, North Indian, Chinese
21230, The Blue Poppy,The Blue Poppy, Tibetan, Chinese, Momos
18265441, Chapter 2,Chapter 2, Continental, Chinese, Seafood, Momos
21211, Nahoum and Sons,Nahoum and Sons, Bakery, Fast Food
22173, Paramount Sherbats & Syrups,Paramount Sherbats & Syrups, Beverages
18166939, The Palms,The Palms, Mughlai, Awadhi, North Indian
21350, Opium,Opium, Finger Food
18368652, Mamagoto,Mamagoto, Asian, Thai, Chinese, Salad, Momos
21376, One Step Up,One Step Up, Continental
20235, Haka,Haka, Chinese
21594, Haldiram Food City,I Love Haldiram, North Indian, Street Food, Mishti
23817, La Maison Des D??lices,La Maison Des Délices, Italian, French, Continental, Desserts, Burger, Salad
24794, Hanglaatherium,Hanglaatherium, Biryani, North Indian, Mughlai
18166940, Beer Republic,Beer Republic, Chinese, Continental, North Indian, Beverages, Pizza, Italian, Salad, Desserts
20630, McDonald's, Error Code = 404
18343731, Mumbai Local,Mumbai Local, North Indian, Chinese, Street Food
18343756, Desi Lane,Desi Lane, North Indian, Chinese, Continental, Italian
20044, Banana Leaf,Banana Leaf @ Komala Vilas, South Indian
20974, Oh! Calcutta,Oh! Calcutta, Bengali, Seafood
20453, Sanjha Chulha,Sanjha Chulha, North Indian, Chinese
20862, Xrong Place,Xrong Place, Finger Food, Chinese
23185, Bakstage,Bakstage, Continental, North Indian, Italian, Salad
21269, Honey Da Dhaba,Honey Da Dhaba, Biryani, North Indian, Mughlai
21125, Mitra Cafe,Mitra Cafe, North Indian, Fast Food
20090, Bombay Shiv Sagar,Bombay Shiv Sagar, North Indian, Chinese, South Indian, Fast Food, Juices
22077, Balaram Mullick & Radharaman Mullick Sweets,Balaram Mullick & Radharaman Mullick Sweets, Mishti
23964, Ecstasea,Ecstasea, Seafood, Chinese
18162672, Byepass Dhaba,Byepass Dhaba, North Indian, Chinese
22661, Smoke Shack - Park Plaza,Smoke Shack - ​Radisson Kolkata, North Indian, Continental, Mediterranean, Oriental, Beverages
20072, Bhojohori Manna,Bhojohori Manna, Bengali
20912, Punjabee Rasoi,Punjabee Rasoi, North Indian
20273, Jai Hind Dhaba,Jai Hind Dhaba, North Indian, Chinese
20841, The Bridge - The Floatel Hotel,The Bridge - The Floatel Hotel, Continental, North Indian, Mughlai
21612, Golbari,Golbari, Bengali, North Indian
21218, Machaan, Error Code = 404
20293, Kimli,Kimli, Chinese
23057, Paris Cafe,Paris Cafe, Cafe, Desserts, Bakery, Momos
20959, Mocha, Error Code = 404
21353, Sher-e-Punjab,Sher-e-Punjab, North Indian, Chinese
18377098, CALCUTTA 64,CALCUTTA 64, Cafe, Continental
22006, Tibetan Delight,Tibetan Delight, Tibetan, Chinese, Momos
23295, Denzong Kitchen,Denzong Kitchen, Chinese, Tibetan, Momos
21781, Trincas,Trincas, North Indian, Continental, Chinese
25737, Eagle Boys Pizza,Eagle Boys Pizza, Pizza
24808, Hatari,Hatari, Chinese, North Indian, Seafood
20829, Haldiram Food City,I Love Haldiram, North Indian, Street Food, Mishti
22056, Blue Sky Cafe,Blue Sky Cafe, Cafe, Chinese, Italian, North Indian, Juices, Momos
21251, Bachan's Dhaba,Bachan's Dhaba, Chinese, North Indian
21217, Oh! Calcutta,Oh! Calcutta, Bengali, Seafood
20780, Momo Plaza,Momo Plaza, Chinese, Tibetan, Momos
21576, Kasturi Restaurant,Kasturi Restaurant, Bengali, Bangladeshi
21216, Mainland China,Mainland China, Chinese
18249157, Cafe Mezzuna,Cafe Mezzuna, Italian, Mediterranean, Salad
22418, Kaidi Kitchen,Kaidi Kitchen, North Indian, Italian, Mexican, Chinese, Thai, Mongolian
18249172, Reflexion -The Majestic Suites Hotel,Reflexion, North Indian, Chinese
22078, Girish Chandra Dey & Nakur Chandra Nandy,Girish Chandra Dey & Nakur Chandra Nandy, Mishti
23342, Shawarma Nation,Shawarma Nation, Lebanese
24195, Buddha Bites, Error Code = 404
24193, Codfather,Codfather, Continental, Italian, Seafood
21798, Flavours Of China,Flavours Of China, Chinese, North Indian
20274, Jalapenos,Jalapenos, Italian, Mexican, Continental, Salad
21391, Anand Restaurant,Anand Restaurant, South Indian, Street Food, Fast Food
20647, China Whites,China Whites, Chinese, North Indian, Momos
23555, Tyre Patty,Tyre Patty, Cafe, Continental, Italian
21559, Casa Kitchen,Casa Kitchen, North Indian, Chinese, South Indian, Continental
24650, Aaira,Aaira, North Indian, Mughlai
21543, Cream Centre,Cream Centre, North Indian, Mexican, Italian, Fast Food
20733, Food Station,Food Station, North Indian, Chinese, Continental, South Indian, Fast Food
21349, Golden Dragon,Golden Dragon, Chinese
25605, Cafe 4/1,Cafe 4/1, Cafe, Thai, Italian, North Indian, Continental, Salad
21590, Kookie Jar,Kookie Jar, Bakery, Desserts, Fast Food
25705, Royal Indian Restaurant,Royal Indian Restaurant, Afghani, Biryani, North Indian, Mughlai, Indian, Kebab, Awadhi
21257, Haji Saheb,Haji Saheb, Mughlai, North Indian, Chinese, Rolls
20881, Moulin Rouge,Moulin Rouge, Italian, North Indian, Chinese
20942, Waterside Cafe - Hyatt Regency,Waterside Cafe - Hyatt Regency, North Indian, Continental, Salad
21213, Marco Polo,Marco Polo, Continental, North Indian, Chinese
21875, Dada Boudir Hotel,Dada Boudir Hotel, Mughlai, Biryani
22429, Tung Nam,Tung Nam, Chinese
25431, Cloakroom, Error Code = 404
22391, Solid Gulp (Bapi Dar Momo),Solid Gulp (Bapi Dar Momo), Chinese, Tibetan, Momos
20061, Bawarchi Family Restaurant,Bawarchi Family Restaurant, Chinese, North Indian, Mughlai, Biryani
21588, Privy Ultra Lounge,Privy Ultra Lounge, Chinese, North Indian, Continental
20657, Afraa Deli,Afraa Deli, Cafe, Continental, Fast Food, Desserts, Salad
24874, 8th Day Cafe & Bakery,8th Day Cafe & Bakery, Cafe, Bakery
21424, Someplace Else - The Park,Someplace Else - The Park, Continental
20719, Blossom,Blossom, Chinese, North Indian, Fast Food, Seafood
24547, Rang De Basanti Dhaba,Rang De Basanti Dhaba, North Indian
20681, Golden Gate,Golden Gate, Chinese, North Indian, Bengali, Mughlai, South Indian
21550, Go Lebanese,Go Lebanese, Lebanese
18361667, Monkey Bar,Monkey Bar, American, Asian, European, North Indian
18198665, Rajdhani Thali,Rajdhani Thali, Rajasthani, Gujarati
24344, The Dugout,The Dugout, Cafe, Mexican, Italian, Chinese
20712, Amber,Amber, North Indian, Continental
20193, Fire and Ice Pizzeria,Fire and Ice Pizzeria, Pizza, Italian, Salad
18249142, Tolly Tales,Tolly Tales, North Indian, Chinese, Continental, Salad
24504, Serafina,Serafina, Italian, Salad
20602, Zeeshan,Zeeshan, North Indian, Biryani, Rolls, Chinese
18249185, Country Roads,Country Roads, North Indian, Chinese, Continental
21829, Kasturi Restaurant,Kasturi Restaurant, Bengali, Bangladeshi
18287272, Raize The Bar,Raize The Bar, North Indian, Chinese, Italian
20904, Banzara,Banzara, North Indian, Chinese
20407, Pizza Hut,Pizza Hut, Pizza, Italian
21499, Cafe Swiss - Swissotel Kolkata Neotia Vista,Cafe Swiss - Swissotel Kolkata Neotia Vista, Bengali, Continental, Italian, North Indian, Salad, Momos
20844, Krystal Chopstick,Krystal Chopstick, Chinese
20299, Abcos Food Plaza,Abcos Food Plaza, Bengali, Continental, North Indian, Chinese, Asian
18287268, Silver Platter,Silver Platter, Continental, Seafood, Chinese, Thai
20859, Tamarind,Tamarind, South Indian, North Indian
24487, Chilli Wok,Chilli Wok, Chinese, Thai
18354594, The Love Room,The Love Room, Chinese, Continental, Salad, Beverages
21060, Wow! Momo,Wow! Momo, Tibetan, Momos
21386, Lazeez,Lazeez, North Indian, Chinese
21669, Koshe Kosha,Koshe Kosha, Bengali
20065, Bedouin - Sher e Bengal,Bedouin - Sher e Bengal, Chinese, North Indian, Bengali, Biryani
18296336, Pour House,Pour House, Italian, Mexican, Chinese, North Indian, Continental
24479, The Mango Tree, Error Code = 404
18270247, XII Zodiacƒ?ª - The Fern Residency Hotel,XII Zodiac‬ - The Fern Residency, Chinese, Continental, North Indian
22404, Le Coffee Creme,Le Coffee Creme, Cafe, Continental, Pizza, Chinese, Salad
22076, K.C. Das,K.C. Das, Street Food, Mishti
20600, Zaranj,Zaranj, North Indian
21689, The Rouge,The Rouge, Bakery, Desserts
22116, Fairlawns, Error Code = 404
23927, Hanglaatherium, Error Code = 404
20850, The Bridge - The Park,The Bridge - The Park, Italian, Continental, North Indian, Salad
21280, Sabir's Restaurant,Sabir's Restaurant, North Indian
22107, Afraa Creperie,Afraa Creperie, Cafe, Italian, Continental, Bakery, Desserts
21355, On Track, Error Code = 404
21357, Peshawri - ITC Sonar,Peshawri - ITC Sonar, North Indian
20918, Naushijaan,Naushijaan, North Indian, Awadhi, Mughlai, Biryani
21668, Saima Restaurant,Saima Restaurant, Mughlai, North Indian, Rolls
22067, Kusum Rolls,Kusum Rolls, Street Food, Rolls
24116, The Blue Poppy, Error Code = 404
24833, The Darjeeling,The Darjeeling, Nepalese, Tibetan, Chinese
21354, Mio Amore Restaurant,Mio Amore Restaurant, Mediterranean, Italian, Lebanese
23655, Fuji,Fuji, Japanese, Sushi, Momos
21992, Mehak-e-Punjab,Mehak-e-Punjab, North Indian, Chinese, Beverages
21805, Panna's Kitchen,Panna's Kitchen, North Indian, Fast Food, Rolls
20472, Sholoana Bangali,Sholoana Bangali, Bengali
21511, Oasis,Oasis, Continental, Desserts, North Indian, Chinese
23814, Cocoa Bakery,Cocoa Bakery, Bakery, Desserts
18166935, The Great Booze Story, Error Code = 404
24502, Lebanese Junction,Lebanese Junction - Steak House, Continental, Lebanese, Steak
25753, Woodstock 1969, Error Code = 404
20679, New Aliah Hotel & Caterer,New Aliah Hotel & Caterer, North Indian, Mughlai
23179, Kim Ling,Kim Ling, Chinese
24727, OTT - Over the Top,OTT - Over the Top, Finger Food
21470, Golden Spoon,Golden Spoon, North Indian, Chinese, Biryani, Fast Food, Rolls
18414428, Paranthe Wali Galli,Paranthe Wali Galli, North Indian
21382, Bistro By The Park, Error Code = 404
21861, Hatari,Hatari, Chinese, North Indian, Seafood
21881, Blue Nile,Blue Nile, North Indian, Chinese, Continental, Salad
21461, Sonargaon - Taj Bengal,Sonargaon - Taj Bengal, North Indian
25538, Cafe Ekante,Cafe Ekante, Bengali
25637, China Wok,China Wok, Chinese, Thai, Momos
22785, Putiram Sweets,Putiram Sweets, Mishti
21510, Govinda's,Govinda's, North Indian, Chinese, South Indian, Desserts
21215, The Hub - Taj Bengal, Error Code = 404
25429, Tak Heng,Tak Heng, Chinese, Thai
21634, Hungry Tide,Hungry Tide, Chinese, Continental, Italian, Fast Food
21954, Caafe 360 Degree,Caafe 360 Degree, Cafe, Fast Food, Continental, Chinese
20867, Mandarin Restaurant,Mandarin Restaurant, Chinese
18311124, F.R.I.E.N.D.S Cafe,F.R.I.E.N.D.S. Cafe, Cafe, Italian, Chinese
21839, Mainland China,Mainland China, Chinese
22362, Fish Fish,Fish Fish, Seafood, Bengali
18265429, Alla Bella Mozzarella, Error Code = 404
18265479, BJs Sports Restrau Cum Lounge,BJs Sports Restrau Cum Lounge, Cafe, North Indian
21558, Bellagio,Bellagio, Chinese, Continental, Thai, Seafood, North Indian
25615, Wall Street Bar, Error Code = 404
18265458, Crossroad Cafe,Crossroad Cafe, Cafe, Salad
20847, Tero Parbon,Tero Parbon, Bengali
21840, Machaan,Machaan, North Indian, Mughlai
18017605, Deli Cravings,Deli Cravings, Continental, Mexican, Pizza, Salad
18420362, Vintage Asia - JW Marriott,Vintage Asia - JW Marriott Hotel Kolkata, Asian, Thai, Chinese
18217480, Brickwood,Brickwood, Pizza, Italian
21508, Aqua - The Park,Aqua - The Park, Finger Food, Pizza
21053, The Coffee Bean & Tea Leaf, Error Code = 404
21581, Aaheli - The Peerless Inn,Aaheli - The Peerless Inn, Bengali
20035, Azad Hind,Azad Hind, North Indian, Street Food
21892, FoodPath,FoodPath, Cafe, Italian
20279, Jyoti Vihar,Jyoti Vihar, South Indian
18143280, The Chaiwala,The Chaiwala, Cafe, Fast Food
18296346, Zucca Lounge,Zucca Lounge, Cafe, Continental, Chinese, Kebab
18361674, Overdose,Overdose, Tibetan, Chinese, Asian, Thai, Momos
18354569, Tram Deepo,Tram Deepo, Continental, Chinese, Fast Food, Finger Food, North Indian, Mexican, Momos
22406, Dilkhusha Cabin,Dilkhusha Cabin, Fast Food
20873, Kwality,Kwality, North Indian, Mughlai, Continental
22769, Royal Lebanese,Royal Lebanese, Lebanese
21964, Azad Hind Dhaba,Azad Hind Dhaba, North Indian, Chinese, Rolls
18265462, The Country House,The Country House, Cafe, Italian, Continental, Bakery, Salad
20908, Only Alibaba,Only Alibaba, North Indian, Mughlai, Biryani, Rolls
20036, Azad Hind,Azad Hind, North Indian, Street Food, Rolls
24902, The Royal Bengal Tiger Cafe,The Royal Bengal Tiger Cafe, Cafe
21281, Rosenberg,Rosenberg, Chinese, North Indian, Seafood
18270243, Since 2016,Since 2016, North Indian, Chinese
24201, Ol Yourz, Error Code = 404
21563, Aura - The Sonnet,Aura - The Sonnet, North Indian, Continental, Asian
21876, Oval Lounge,Oval Lounge, North Indian, Thai, Chinese, Continental
23629, Edesia, Error Code = 404
21506, Roxy - The Park,Roxy - The Park, Finger Food
20147, Crystal Chimney,Crystal Chimney, Chinese, Tibetan
18377108, Hindusthan Dhaba,Hindusthan Dhaba, North Indian, Chinese, Mughlai, Finger Food, Kebab
22188, Wasabee,Wasabee, Burmese, Singaporean, Chinese, Japanese, Thai, Momos
21548, Ammini,Ammini, South Indian
24008, Crave Foodworks,Crave Foodworks, Chinese, Thai, Italian, Mediterranean, Mexican, Salad, Healthy Food
20875, Magnolia,Magnolia, Chinese, North Indian, Continental
21462, Chinoiserie - Taj Bengal,Chinoiserie - Taj Bengal, Chinese
24665, M Bar Kitchen,M Bar Kitchen, Italian, European
18250360, One Sports Lounge,One Sports Lounge, Continental, Biryani, Italian, North Indian, Chinese, BBQ, Cuisine Varies, Finger Food
20529, Teej, Error Code = 404
25617, The Chutney Co.,The Chutney Co., South Indian
21214, Marco Polo,Marco Polo, Continental, North Indian
20962, Subway, Error Code = 404
21868, The Bhoj Company,The Bhoj Company, Bengali
20677, Bagicha,Bagicha, Chinese, North Indian
20665, Campari,Campari, Street Food, Rolls
20843, Caught n Bowled, Error Code = 404
18249148, Shisha - Bar Exchange,Shisha - Bar Stock Exchange, Finger Food
21945, Cafe Coffee Day, Error Code = 404
21593, Kookie Jar, Error Code = 404
20172, Domino's Pizza,Domino's Pizza, Pizza, Fast Food
18270233, Saptapadi,Saptapadi, Bengali
21509, Tantra - The Park,Tantra - The Park, Finger Food
25660, Jafran, Error Code = 404
18361657, Momo I Am,Momo I Am, Tibetan, Chinese, Asian, Momos
20964, Cha Bar,Cha Bar, Cafe, Beverages
21538, Chung Wah,Chung Wah, Chinese, North Indian
20723, Gupta Brothers Sweets,Gupta Brothers Sweets, Mithai, Street Food, Mishti
21728, Afraa Deli, Error Code = 404
18334323, Noodle Oodle,Noodle Oodle, Chinese, Asian
25679, The Wise Owl Steakhouse,The Wise Owl Steakhouse, Steak, American
23894, Hungry Tide,Hungry Tide, Chinese, Continental, North Indian, Italian, Salad
20927, Mainland China,Mainland China, Chinese, Momos
24533, The Square - Novotel,The Square - Novotel, North Indian, Asian, Continental
21598, Kookie Jar,Kookie Jar, Bakery, Desserts, Fast Food
24624, Burger You,Burger You, Fast Food
21219, Flame & Grill,Flame & Grill, North Indian, Continental
24795, Kaidi Kitchen, Error Code = 404
21274, The Rose,The Rose, Chinese, North Indian
24315, Q33,Q33, Cafe, Salad
21146, Sharma Dhaba,Sharma Dhaba, Street Food, Tea, Fast Food, North Indian, Chinese
21389, The Sushi Oke,The Sushi Oke, Japanese, Sushi, Thai
22004, Rooftop Top View,Rooftop Top View, South Indian, Fast Food
20083, Bliss,Bliss, Chinese, Seafood
23673, Au Bon Pain, Error Code = 404
21546, Orko'ss Restaurant & Lounge Bar,Orko'ss Restaurant, North Indian, Chinese, Italian
23191, Red Bamboo Shoot Restaurant,Red Bamboo Shoot Restaurant, Chinese, Thai
20941, La Cucina - Hyatt Regency,La Cucina - Hyatt Regency, Italian, Salad
24781, The Blue Door,The Blue Door, Continental, Seafood, Desserts, Italian, North Indian, Chinese, Salad, Thai
21869, Cheeni Kum,Cheeni Kum, North Indian, Chinese, Continental, South Indian, Fast Food
20828, Gangaur,Gangaur, North Indian, South Indian, Chinese
21715, Eau Chew Restaurant,Eau Chew Restaurant, Chinese
23357, 6 Ballygunge Place Thali,6 Ballygunge Place Thali, Bengali
18420396, Hoppipola,Hoppipola, Continental, Mediterranean
18368664, SOI,SOI - The Asian Street Kitchen, Finger Food, Asian, Chinese, Thai
18431475, Courting Coffees,Courting Coffees, Healthy Food, Continental, Beverages, Cafe, Desserts, Italian, Pizza, Salad
24892, Icy Fusion,Icy Fusion, Ice Cream, Desserts
21530, Kebab-e-Que - The Astor Hotel,Kebab-e-Que - The Astor Hotel, North Indian, Continental, Chinese, Asian
22189, Govinda's,Govinda's, North Indian, Chinese, South Indian, Street Food
22165, Haldiram's,Haldiram's Prabhuji, Chinese, Fast Food, Beverages, Mithai, North Indian, Mishti, Desserts, South Indian
23942, Mission Cafe,Mission Cafe, South Indian, Fast Food, North Indian, Chinese
25387, Red Bamboo Shoot Restaurant,Red Bamboo Shoot Restaurant, Chinese, Thai
18017608, Kasturi Restaurant,Kasturi Restaurant, Bengali, Bangladeshi
24887, The Co. by Wok Anthems - Dee Empresa Hotel,The Co, North Indian
24481, Dosa @ Twist,Dosa @ Twist, South Indian
24834, Santa Delivers,Santa Delivers, North Indian, Chinese
22660, K19 All Day Dining - Park Plaza,K19 All Day Dining -​Radisson Kolkata, Continental, North Indian, Mediterranean, Chinese
23280, Lazeez Express,Lazeez Express, North Indian, Mughlai, Biryani, Rolls
21412, Charcoal Grill,Charcoal Grill, Seafood, North Indian, Chinese, Charcoal Chicken
23221, Hatari,Hatari, Chinese, North Indian
21046, Tandoori Darbar,Tandoori Darbar, North Indian, Chinese, Biryani
24573, Haji Saheb,Haji Saheb, Mughlai, North Indian, Chinese, Momos
20885, Ginger,Ginger, North Indian, Seafood, Chinese, Continental
25506, Baati Chokha,Baati Chokha, Bihari
22351, Jabbrr Afghani, Error Code = 404
18420392, The Steak Factory,The Steak & Grill Salt Lake, Italian, Continental, Cafe
20890, Benjarong, Error Code = 404
23559, Kasturi Restaurant,Kasturi Restaurant, Bengali, Bangladeshi
22087, Udipi Home,Udipi Home, South Indian, Juices
22656, Zam Zam,Zam Zam, Mughlai, Biryani
24816, Pai's Malgudi,Pai's Malgudi, South Indian
23953, Saptapadi,Saptapadi, Bengali
21374, Pizza Hut Delivery, Error Code = 404
18377068, Roast, Error Code = 404
21760, Chittoda's Suruchee Restaurant,Chittoda's Suruchee Restaurant, North Indian, Chinese
24568, The Silk Route,The Silk Route, Chinese, Thai
21519, Red Hot Chilli Pepper,Red Hot Chilli Pepper, Chinese
18237056, Eat Good Food,Eat Good Food, Continental, Healthy Food, Salad
21664, Ppaparazzi,Ppaparazzi, Italian, Chinese, North Indian, Seafood, Continental, Bengali
18343750, SpiceKlub,SpiceKlub, North Indian
18162696, Sudipar Rannaghor,Sudipar Rannaghor, Bengali
18361680, Hondo's,Hondo's, Continental, American, Fast Food
23597, Watz This Friday,Watz This Friday, Italian, Asian, Fast Food, American
21626, Eden Pavilion - ITC Sonar,Eden Pavilion - ITC Sonar, North Indian, Continental, Italian, South Indian, Bengali
20286, Kewpie's,Kewpie's, Bengali
20872, New Empire Bar,New Empire Bar, Chinese, North Indian, Continental, Momos
20322, Little Italy (Little High), Error Code = 404
20698, Buzz,Buzz, Chinese, Tibetan, Fast Food, Momos
18237062, Sienna Store & Cafe,Sienna Store & Cafe, Cafe, Healthy Food, Salad, Juices
22206, Apanjan,Apanjan, Fast Food
20957, Mama Mia!,Mama Mia!, Ice Cream, Desserts
22082, Hot Kathi Rolls,Hot Kati Roll, Fast Food, Rolls
22169, Anadi Cabin,Anadi Cabin, North Indian
21569, The Yellow Chilli, Error Code = 404
18143246, Aqua Java Air, Error Code = 404
24670, 6 Ballygunge Place Thali,6 Ballygunge Place Thali, Bengali
24395, Teekha,Teekha, North Indian, Chinese, Continental
21929, Cakes,Cakes, Bakery
18017618, @49,@49, Thai, Chinese, North Indian
21159, Fusion,Fusion, North Indian, Chinese
25141, Purple Turtle,Purple Turtle, Cafe, Continental, Italian
20499, Starstruck,Starstruck, Chinese, Continental, North Indian, Mughlai
21639, Kix Lounge,Kix Lounge, Chinese
18420364, Ozora,Ozora, Chinese, North Indian
21149, Jimmy's Kitchen,Jimmy's Kitchen, Chinese
21138, Sharma Tea,Sharma Tea, Street Food
23890, The Coffee Bean & Tea Leaf,The Coffee Bean & Tea Leaf, Cafe, Beverages
22866, Tasty Corner,Tasty Corner, Fast Food, Desserts
21381, Dolly's The Tea Shop,Dolly's The Tea Shop, Cafe, Fast Food, Salad
24668, Azad Hind,Azad Hind, North Indian, Street Food
18398872, Asia House,Asia House, Chinese, Thai, Burmese, Vietnamese, Malaysian, Indonesian, Singaporean, Momos
24644, Bijoli Grill,Bijoli Grill, Bengali, Continental, Chinese
18296323, Caf?? OMG! Social,Café OMG!, Cafe, Fast Food
21580, Oceanic - The Peerless Inn,Oceanic - The Peerless Inn, Continental, Seafood, North Indian, Chinese
21370, Pizza Hut,Pizza Hut, Pizza, Italian
21665, Russel Punjabi Dhaba,Russel Punjabi Dhaba, North Indian
20851, The Street - The Park,The Street - The Park, Cafe
21073, Royal Jade Chinese Restaurant,Royal Jade Chinese Restaurant, Chinese
21441, Krazy for Chocolates,Krazy for Chocolates, Bakery, Desserts
20945, The French Loaf,The French Loaf, Bakery
22432, Fatso's,Fatso's, Continental, Chinese, Fast Food, Biryani
21516, Pan Asian - ITC Sonar,Pan Asian - ITC Sonar, Thai, Chinese, Korean, Mongolian, Japanese
18143265, FoodPath, Error Code = 404
18134908, Wolves'11,Wolves'11, Cafe, Italian, Salad
18204346, Lokaahar,Lokaahar, Continental, Bengali, Thai, Chinese
23442, Buzz - The Gateway Hotel,Buzz - The Gateway Hotel, Bengali, Street Food, Continental, South Indian, Italian, North Indian, Chinese, Bangladeshi
23468, Caafe 360 Degree,Caafe 360 Degree, Cafe, Fast Food, Continental, Chinese
23730, Sera - The Tapas Bar & Restaurant, Error Code = 404
25589, Marufaz, Error Code = 404
18343728, The Drunken Monkey - Hotel O2 VIP,The Drunken Monkey, Continental, Italian, Mediterranean, Asian, North Indian
21633, KK's Fusion,KK's Fusion, North Indian, Chinese, Seafood, Indian
23792, China South,China South, Chinese, Momos
18296352, Sultan,Sultan, North Indian, Awadhi
21262, Manti,Manti, North Indian, Mughlai, Rolls
21523, Baan Thai - The Oberoi Grand,Baan Thai - The Oberoi Grand, Thai, Salad
22904, Hindusthan Sweets,Hindusthan Sweets, Mishti
24117, Advieh - Hotel Celesta,Advieh, Indian, Chinese, Continental, Thai
21811, Coffee World,Coffee World, Cafe, Beverages, Fast Food
18377090, Macazzo,Macazzo, Cafe, Italian, American
25610, Cafe Unplugged, Error Code = 404
18354584, We.Desi,We.Desi, North Indian
24654, Vault,Vault, Finger Food
18377076, Fusion Fantasea,Fusion Fantasea, Cafe, Goan, Kerala, Mughlai, Seafood
20933, Gelato Italiano, Error Code = 404
21815, 47 South Tangra Road,47 South Tangra Road, Seafood, Cantonese, Chinese, Momos
21532, Red Xpress,Red Xpress, Chinese, North Indian
25702, Cafe Mi Casa, Error Code = 404
20363, Nirala's China Town,Nirala's China Town, Chinese, Thai, Tibetan
21465, Gossip,Gossip, North Indian, Chinese
23325, Go Where,Go Where, North Indian, Chinese
21604, Charnock's,Charnock's, North Indian, Bengali, Continental
18361635, First Flush,First Flush, Cafe, Continental, Fast Food
21371, Rasam - The Stadel,Rasam - The Stadel, South Indian
23875, One Way Cafe,One Way Cafe, North Indian, Italian, Chinese, Mexican
23213, The Funjabi Tadka, Error Code = 404
25377, Melodrama,Melodrama, Bakery, Desserts
17983797, Dada Boudi Restaurant,Dada Boudi Restaurant, Mughlai, Biryani
20878, Waldorf,Waldorf, Chinese, Asian
25464, China Calling, Error Code = 404
21502, Durbari - Swissotel Kolkata Neotia Vista,Durbari - Swissotel Kolkata Neotia Vista, North Indian, Bengali, Mughlai
20784, Raj Restaurant,Raj Restaurant, South Indian, Street Food, Italian
21761, Drumstick,Drumstick, Chinese, North Indian, Bengali
20940, Guchhi - Hyatt Regency,Guchhi - Hyatt Regency, North Indian, Mughlai
21147, Hamro Momo,Hamro Momo, Tibetan, Chinese, Momos
21722, Silver Screen,Silver Screen, North Indian, Chinese
20079, Bijoli Grill,Bijoli Grill, Chinese, Seafood, Bengali
21360, First Innings Multicuisine Restaurant - The Stadel,First Innings Multicuisine Restaurant - The Stadel, North Indian, Continental, Bengali, Asian
21507, Hotel Swagath,Hotel Swagath, South Indian, North Indian, Chinese
20734, The Taste Maker,The Taste Maker, Chinese, Thai
21296, Hotel Taaj,Hotel Taaj, Chinese, North Indian
22576, Prema Vilas,Prema Vilas, South Indian
21368, Mythh - HHI,Mythh - HHI, Continental, Chinese, North Indian, Momos
21300, Tandoori Darbar,Tandoori Darbar, Chinese, North Indian
20848, Zen - The Park,Zen - The Park, Chinese, Thai, Japanese
24590, Fiesta,Fiesta, Chinese, Thai
18213991, Goin West,Goin West, Continental, American, Italian
21383, Haveli,Haveli, North Indian, Chinese
20969, The Cream & Fudge Factory, Error Code = 404
22933, Sand - De Sovrani,Sand - De Sovrani, Continental, North Indian, Chinese, Italian
18386792, Mrs. Magpie,Mrs. Magpie, Cafe, Bakery, Desserts
22008, Cookie Man,Cookie Man, Bakery, Desserts
20063, BB's Restaurant,BB's Restaurant, North Indian, Thai, Continental
20692, The Lords,The Lords, Chinese, North Indian, Thai
21843, Skyline Confectioners,Skyline Confectioners, Bakery, Desserts, Fast Food
21294, Zyka,Zyka, Chinese, North Indian
18377093, Oye Balle Balle Dhaba,Oye Balle Balle Dhaba, North Indian, Chinese
22572, Bong Connection, Error Code = 404
22113, Afraa Deli,Afraa Deli, Cafe, Continental, Italian, Bakery, Salad
22259, Pizza Hut,Pizza Hut, Pizza, Italian
22649, Ambrosia Restaurant,Ambrosia Restaurant, North Indian, Chinese, Mughlai
21497, Souk - Taj Bengal,Souk - Taj Bengal, Lebanese, Mediterranean
18382762, The Coastal Macha,The Coastal Macha, Goan, Kerala, Konkan, Maharashtrian, Malwani, Mangalorean, Seafood
21609, Hing Bar & Restaurant,Hing Bar & Restaurant, North Indian, Chinese
20866, Aromas - Kenilworth Hotels,Aromas - Kenilworth Hotel, North Indian, Chinese, Continental
24463, London Lounge,London Lounge, Cafe, Bakery
18368662, What's In D Name,What's In D Name, Finger Food
21064, The Tea Junction,Tea Junction, Beverages, Tea
21557, Splash - Swissotel Kolkata Neotia Vista,Splash - Swissotel Kolkata Neotia Vista, Continental
21432, Nocturne,Nocturne, Finger Food
23382, Maharani,Maharani, Street Food, Desserts
18325249, Jam House,Jam House, Cafe, Chinese, Italian, Continental, North Indian, Mexican, Momos
25037, Express Food Plaza,Express Food Plaza, North Indian, Chinese, Continental, South Indian, Bengali, Street Food
18226441, Chanda's Khaukswey,Chanda's Khaukswey, Burmese
22453, Goutam's,Goutam's, Fast Food, Chinese, Beverages
22820, Simply Sizzlers, Error Code = 404
22571, Shinryu Restaurant & Bar,Shinryu Restaurant & Bar, Chinese, Thai
23305, Bhajohori Ranna,Bhajohori Ranna, Chinese, Bengali, North Indian
18414426, Route 17 - The Steakhouse, Error Code = 404
22722, Mithai,Mithai, Mishti
18259447, Mumble's Lab, Error Code = 404
18211703, Desi Mehak, Error Code = 404
23522, Shaina Chicken Corner,Shaina Chicken Corner, Afghani, Fast Food, North Indian, Arabian, Mughlai, Indian, Kebab, Awadhi
23214, Go Lebanese,Go Lebanese, Lebanese
21859, Raajbarir Khawa,Raajbarir Khawa, Bengali
18366914, C/o. Bangali,C/o. Bangali, Bengali, Continental
18323211, Mughal Khaan, Error Code = 404
18204258, Wok King, Error Code = 404
18209848, 18 James Long, Error Code = 404
25478, Express Le Coffee, Error Code = 404
21723, Mini Hut,Mini Hut, Chinese
18354592, The Auto Junc, Error Code = 404
18175457, Chicken King N Pizza Day,Chicken King N Pizza Day, Pizza, Burger, North Indian, Chinese
18166888, Cinnabon,Cinnabon, Desserts, Cafe, Bakery
21727, Khawab,Khawab, North Indian, Biryani, Hyderabadi
22804, Rendezvous - Monotel,Rendezvous - Monotel, Bengali, Continental, South Indian, Italian, North Indian, Chinese, Asian, Kebab
18343761, The Dugout,The Dugout, Cafe, Mexican, Italian, Chinese
23680, Chittaranjan Mistanna Bhandar,Chittaranjan Mistanna Bhandar, Mishti
20849, Saffron - The Park,Saffron - The Park, North Indian, Kebab, Bengali
22477, Goutam's,Goutam's, Fast Food, Chinese, Beverages, Rolls
21595, Shimmers, Error Code = 404
23674, The Belgian Bakery,The Belgian Bakery, Bakery, Desserts
18343753, Keventers,Keventers, Beverages
21611, Dum Pukht - ITC Sonar,Dum Pukht - ITC Sonar, Awadhi
21017, Don Giovanni's, Error Code = 404
18382567, Kabuliwala,Kabuliwala, Biryani, North Indian
23610, Manthan Songhai,Manthan Songhai, Chinese, North Indian
18414429, Rasoee Desi Kitchen, Error Code = 404
18343733, Pind Punjabi Dhaba,Pind Punjabi Dhaba, North Indian
24662, Momore,Momore, Tibetan, Chinese, Momos
23924, Bhikharam Chandmal,Bhikharam Chandmal, Street Food, South Indian, Mishti
25148, One Step Ahead,One Step Ahead, Bakery, Desserts
20622, Indthalia,Indthalia, Chinese, Asian, North Indian, Continental, Nepalese
22080, Bhim Chandra Nag,Bhim Chandra Nag, Mishti
21313, Hongkong Express,Hongkong Express, Chinese
21635, Bake Club,Bake Club, Bakery, Desserts
21157, Chacha's Hotel, Error Code = 404
22010, Ramakrishna Lunch Home,Ramakrishna Lunch Home, South Indian
18377107, The Fan's Club,The Fan's Club, Cafe, Mexican, Italian, North Indian, Chinese, Continental, Momos
20653, The Scoop,The Scoop, North Indian, Chinese, South Indian, Fast Food, Burger
23360, Barista Lavazza Espresso Bar, Error Code = 404
23923, Mirage - The Stadel,Mirage - The Stadel, North Indian, Asian
21429, Allen Kitchen,Allen Kitchen, Fast Food
23180, Padmaparer Rannaghar,Padmaparer Rannaghar, Bengali, South Indian
21377, Kurry Klub, Error Code = 404
21996, Dimpi,Dimpi, North Indian, South Indian, Chinese
23512, Zaikebaaz,Zaikebaaz, North Indian, Mughlai
22361, La Griglia,La Griglia, North Indian, Chinese
18217433, The Noodle Hub,The Noodle Hub, Chinese
21618, Bhoomi - Vedic Village Spa Resort,Bhoomi - Vedic Village Spa Resort, Bengali
25631, The Cafe Store,The Cafe Store, Fast Food, Cafe, Desserts, Coffee
23873, Coffee N Mood,Coffee N Mood, Cafe, Fast Food
21818, Crossroad Crystal,Crossroad Crystal, Chinese, North Indian, Continental, Bengali, Salad
22665, Canteen @ Byloom,Byloom Canteen, Cafe, Bengali, Fast Food
18213985, Glac?? Patisserie,Glacé Patisserie, Bakery, Desserts
21552, Debonair,Debonair, North Indian, Chinese
20085, Blue Lagoon,Blue Lagoon, Chinese
21574, Aaheli,Aaheli Xpress, Bengali
17983759, Banana Leaf,Banana Leaf, South Indian
25712, Suruchi Veg Restaurant,Suruchi Veg Restaurant, North Indian, Rajasthani, Gujarati
20789, Garden Cafe,Garden Cafe, South Indian
20765, Badshah Bar & Restaurant,Badshah Bar & Restaurant, North Indian, Chinese, Seafood, Mughlai, Street Food, Beverages, Rolls
23237, Dalma,Dalma, North Indian, Oriya
21118, Bedwin,Bedwin, Chinese, North Indian, Rolls
25155, Piccadilly Square,Piccadilly Square, Italian, Bakery, Desserts
18287247, Spice Ocean, Error Code = 404
20359, Nargis Restaurant, Error Code = 404
20520, Tangerine,Tangerine, Italian, North Indian, Chinese, Seafood
24574, The 5sos Cafe,The 5sos Cafe, Cafe, Chinese, Continental
20621, Indthalia,Indthalia, Chinese, Asian, North Indian, Continental
24387, Only Alibaba Gold, Error Code = 404
21870, Yin Yang,Yin Yang, Chinese
22446, D Win Dragon,D Win Dragon, Chinese, Thai, Tibetan
18166920, Coffee World,Coffee World, Cafe, Beverages, Fast Food
18162656, Cremecup.in,Cremecup.in, Bakery, Desserts
20307, Kowloon,Kowloon, Chinese
24428, Jai Hind Dhaba,Jai Hind Dhaba, North Indian, Chinese
20420, Rahmania,Rahmania, Mughlai, Biryani
23433, Calcutta Retro,Calcutta Retro, Bengali, Continental, Chinese, North Indian
21621, Cafe Treat - The Pride Hotels,Cafe Treat - The Pride Hotels, North Indian, Chinese, Continental, Italian
21854, Orchid,Orchid, Chinese, Tibetan
21855, Addiction,Addiction, Chinese
20911, K2 The Restaurant,K2 The Restaurant, Chinese, North Indian
18296324, The Good Old Days, Error Code = 404
18386800, Genuine Broaster Chicken, Error Code = 404
18198655, Design My Cake,Design My Cake, Bakery, Desserts
21716, Kwality,Kwality, North Indian, Continental, Chinese
25025, Swissyum Concept Foods,Swissyum Concept Foods, Bakery, Desserts
18296327, Pied Pipers Cafe,Pied Pipers Cafe, Cafe, Mexican, Continental, Italian, Salad
24513, Little Pleasures,Little Pleasures, Desserts, Bakery
18377087, Masala Wok By Red Hot Chilli Pepper,Masala Wok By Red Hot Chilli Pepper, Chinese, North Indian
24454, Orko'ss Restaurant - Regenta Orko'ss Hotel,Orko'ss Restaurant, North Indian, Continental, Bengali, Chinese
25623, Icy Fusion, Error Code = 404
25716, Kebabish Grill India,Kebabish Grill India, North Indian, Chinese, Lebanese, Mughlai
18311131, American Cave, Error Code = 404
18162660, Au Bon Pain, Error Code = 404
21425, Afza,Afza, North Indian, Chinese, Mughlai
18311146, Kurry Patta,Kurry Patta, South Indian
21617, Yagna - Vedic Village Spa Resort,Yagna - Vedic Village Spa Resort, North Indian, Chinese
18377085, Caf?? Drifter,Café Drifter, Cafe, Continental
25710, Eggytarrian, Error Code = 404
21596, Kookie Jar,Kookie Jar, Bakery, Desserts, Fast Food
18354579, The Protein Bistro, Error Code = 404
25634, Hanglaatherium,Hanglaatherium, Biryani, North Indian, Mughlai
17983801, Studio - The Pan-Asian Galerie - Novotel,Studio - The Pan-Asian Galerie - Novotel, Chinese, Japanese, Asian, Thai
25651, Pabrai's Fresh and Naturelle Ice Cream,Pabrai's Fresh and Naturelle Ice Cream, Ice Cream, Desserts
24929, Noodle MEE,Noodle MEE, Chinese, Thai
20826, Mezban,Mezban, Biryani, North Indian, Chinese, Mughlai, Rolls, Kebab, Awadhi
24843, The Coffee Den,The Coffee Den, Cafe, Fast Food, Chinese, North Indian, Momos
24446, Myx,Myx, Finger Food
24649, The Eye Within Club,The Eye Within Club, North Indian, Chinese
18380248, Thakroon, Error Code = 404
18296368, Calcutta Stories, Error Code = 404
22140, Coffee N Mood,Coffee N Mood, Cafe, Fast Food
22096, Cheeni Kum Lounge & Bar,Cheeni Kum Lounge & Bar, North Indian, Chinese, South Indian
23223, Kalika,Kalika, Street Food
18296356, Sanjha Chulha,Sanjha Chulha, North Indian
18368673, Wokaholic,Wokaholic, Chinese, Asian, Momos
18162653, Bake o Cake,Bake o Cake, Cafe, Bakery
25546, Bean's And Cream Cafe,Bean's And Cream Cafe, Cafe, Beverages, Fast Food
24998, Silver Screen Asia,Silver Screen Asia, Chinese, Asian
21050, Tinny Da Dhaba,Tinny Da Dhaba, North Indian, Mughlai, Street Food, Biryani
18311162, Anti Pasti: Multicuisine 24x7,Anti Pasti: Multicuisine 24x7, Chinese, North Indian, Continental
21995, Haji Ali,Haji Ali, Beverages, Chinese, Biryani, Street Food, Mughlai, North Indian
18166908, 6 Ballygunge Place - Gup Shup,6 Ballygunge Place - Gup Shup, Bengali
18368688, Crimson Haze, Error Code = 404
21474, La Patisserie and Deli - Taj Bengal,La Patisserie and Deli - Taj Bengal, Bakery, Desserts, Fast Food
23595, Go Green,Go Green, North Indian, Chinese, Mexican, Lebanese
23793, Go Lebanese,Go Lebanese, Lebanese
20864, Maharaja,Maharaja, Chinese, Continental, Mughlai
24655, F4U - Food for U,F4U - Food for U, Bengali, North Indian
25378, Only 4 Chinese Gazab,Only 4 Chinese Gazab, Chinese
22580, Anamika Roll Centre,Anamika Roll Centre, Street Food, Rolls
25190, Shimla Biryani,Shimla Biryani, Biryani, North Indian, Chinese, Mughlai, Rolls, Indian, Kebab
22431, Nalin Chandra Das & Sons,Nalin Chandra Das & Sons, Mithai
20756, Xing, Error Code = 404
21352, Red Kitchen & Lounge,Red Kitchen & Lounge, Chinese, North Indian
24546, Forever Yogurt, Error Code = 404
21241, Chinese Quisine,Chinese Quisine, Continental, Chinese, Asian, Thai
18217861, Yummy Puds,Yummy Puds, Desserts, Bakery
21070, Nu Wan Li,Nu Wan Li, Chinese
25620, Velvetiine,Velvetiine, Bakery
18198682, Black Sky Bar - Aauris, Error Code = 404
23691, The Biryani Company,The Biryani Company, Biryani, North Indian
18325258, Rollick,Rollick, Desserts, Ice Cream
20770, Benfish, Error Code = 404
21171, Silver Grill,Silver Grill, Chinese
24830, Bistro Y,Bistro Y, North Indian, Mughlai, Chinese
20830, Kafulok,Kafulok, Chinese
21763, Indian Coffee House,Indian Coffee House, Cafe, Chinese, Fast Food
23940, Steam & Fried,Steam & Fried, Chinese, Tibetan, Fast Food, Momos
22893, Gunjan Chinese Food,Gunjan Chinese Food, Chinese
21137, Sharma Tea,Sharma Tea, Street Food
21140, Gangotri,Gangotri, North Indian, South Indian, Street Food
21316, Saima,Saima Restaurant, Street Food, Biryani, North Indian, Mughlai, Rolls, Indian
18265465, Hangla's, Error Code = 404
22674, Food Village,Food Village, North Indian
21529, Plush Lounge & Bar - Astor Hotel, Error Code = 404
23800, Mezze,Mezze, Lebanese
24935, The Yellow Straw,The Yellow Straw, Beverages, Healthy Food, Fast Food, Juices
23652, Chin Wah,Chin Wah, Chinese
21834, New Aahar Restaurant,New Aahar Restaurant, North Indian, Chinese, Biryani
18171057, Friends' Pizza,Friends' Pizza, Italian, Fast Food, Pizza
21579, New Cathay Restaurant and Bar,New Cathay Restaurant and Bar, North Indian, Chinese, Continental, Thai
21620, Khanasutra - Park Prime,Khanasutra - Park Prime, North Indian, Chinese, Continental, Italian
18070826, BLU -  Aauris, Error Code = 404
24802, Pawan Putra,Pawan Putra, Continental, South Indian, Italian, North Indian, Chinese
20675, Tit Bits,Tit Bits, North Indian, Chinese, Street Food, Fast Food
23242, China Bite,China Bite, Chinese, Indian, Desserts, Momos
20920, The New My Club,The New My Club, North Indian, Chinese, Biryani, Street Food, Rolls
18287249, Paris Cafe,Paris Cafe, Cafe, Italian, Desserts, Bakery, Continental
21812, Coffee World Restaurant,Coffee World Restaurant, Cafe, Mexican, Continental, Italian
25516, The Yellow Straw,The Yellow Straw, Juices, Beverages, Fast Food, Healthy Food, Momos
24841, Toaste Adda,Toaste Adda, Burger, American, Beverages, Fast Food, Desserts, Italian, Pizza, Chinese
18162690, Fikar Not Foodies,Fikar Not Foodies, Chinese, Continental, Italian
18143263, The Cloud 9,The Cloud 9, Cafe, Continental, North Indian, Chinese
22437, Paradise,Paradise, Chinese
20132, Chopstick,Chopstick, Chinese
17953898, Cream Centre, Error Code = 404
21759, Fillers,Fillers, Fast Food, Pizza
18224030, The Shack Lounge,The Shack Lounge, Mexican, Cafe, Desserts, Italian, Chinese, Lebanese
20809, Ralli's,Ralli's, South Indian, Street Food, Juices
18420386, The Tipsy Bull, Error Code = 404
24343, Kuaizi 'n' Kadai, Error Code = 404
21863, Nafeel Restaurant,Nafeel Restaurant, North Indian
18325275, Nalban Food Park- All Fish Restaurant,The All Fish Restaurant, Bengali, Chinese
21231, Hong Kong,Hong Kong, Chinese
23835, Das Cabin,Das Cabin, Fast Food
21328, India Lord,India Lord, Chinese, North Indian
24456, Cafe Bistro,Cafe Bistro, Italian, Cafe
21862, Hatari,Hatari, Chinese, North Indian, Seafood
21967, Chef Alladin,Chef Alladin, Afghani, Biryani, Chinese, Indian, North Indian, Rolls, Kebab, Mughlai
21344, Tongue Twister,Tongue Twister, Chinese, North Indian, Mughlai
21584, Extacy, Error Code = 404
25400, Kamdhenu's,Kamdhenu's, Mishti
18370526, D -Talks Adda, Error Code = 404
18388305, Mr.Burger,Mr.Burger, Cafe, Fast Food, Burger
20706, The Super Snack Bar,The Super Snack Bar, Beverages, South Indian, Fast Food, Juices
22496, Golden Empire,Golden Empire, Chinese
18166910, The Wall Express,The Wall Express, Chinese
22458, Arun Tea Stall,Arun Tea Stall, Street Food
22538, Tewari Sweets,Tewari Sweets, Fast Food, Mishti
22612, Radhu Babu's,Radhu Babu's, Street Food, Fast Food, Bengali
21286, Sangu Valley,Sangu Valley, North Indian, Chinese
18134926, D-Den,D-Den, Cafe, Fast Food, Chinese
21476, The Grub Club,The Grub Club, Chinese, Street Food
25692, Shawarma Nation,Shawarma Nation, Lebanese
23853, Sanjha Chulha,Sanjha Chulha, North Indian, Rolls
23981, Epicuisine,Epicuisine, Bakery, Desserts
23085, Choc N Cheese,Choc N Cheese, Chinese, North Indian, Seafood
23606, Mandarin Restaurant,Mandarin Restaurant, Chinese, Seafood
25227, Darbaar-E-Khaass, Error Code = 404
24812, Bakstage The Wine Room, Error Code = 404
18270238, Foodie By Nature, Error Code = 404
22442, Hindustan Sweets,Hindustan Sweets, Mishti
18296333, Honey Da Dhaba, Error Code = 404
20791, Mehak-e-Punjab,Mehak-e-Punjab, Chinese, North Indian
20624, Indthalia, Error Code = 404
21736, Nandini,Nandini, Chinese, North Indian, Tibetan
21485, Hao Chi,Hao Chi, Chinese, Momos
21356, Kalash - HHI,Kalash - HHI, North Indian, Mughlai, Afghani
24444, La Komida,La Komida, Continental, Mexican, Italian, North Indian, Chinese, Mughlai, Lebanese, Thai
22386, Igloo Cafe & Ice Cream Parlour,Igloo Cafe & Ice Cream Parlour, Ice Cream
21288, New Paul Dhaba,New Paul Dhaba, Chinese, North Indian, Rolls, Momos
18302162, Gourmet Bakers,Gourmet Bakers, Bakery
18224054, Fresh Bake, Error Code = 404
18311150, VR1, Error Code = 404
20062, Bay Leaf, Error Code = 404
24531, The Scoop,The Scoop, Fast Food, Desserts
23934, Little India, Error Code = 404
21608, Mangio,Mangio, Italian, European, Continental, Juices
20633, The Sugarr & Spice,The Sugarr & Spice, Bakery, Fast Food, Desserts
20817, Heritage Karco,Heritage Karco, Chinese, North Indian, Rolls
22534, Oceania,Oceania, North Indian, Chinese
20543, The Guptas,The Guptas, North Indian, South Indian, Fast Food
21435, Bhooter Raja Dilo Bar,Bhooter Raja Dilo Bar, Bengali
23392, Nepal Sweets,Nepal Sweets, Desserts, Street Food
18377106, Offside Sports Cafe,Offside Sports Cafe, Cafe, Italian, Fast Food, Chinese
20619, Stun the Sun,Stun the Sun, Continental, Mexican, Italian, Chinese, Bakery
18270254, THE FIREFLY, Error Code = 404
21998, Lake Lite,Lake Lite, North Indian, Chinese
18162652, D Freakerrs, Error Code = 404
24429, Fast Filling,Fast Filling, Street Food, Chinese, Fast Food, North Indian, Italian, Mexican, Pizza, South Indian
23267, China Crown, Error Code = 404
22531, China Town,China Town, Chinese, North Indian, Rolls
21448, China Pearl,China Pearl, Chinese, Beverages
24221, Hi Brew - Hotel Senses,Hi Brew - Hotel Senses, North Indian, Continental, Italian
21824, Bhikharam Chandmal,Bhikharam Chandmal, Street Food, South Indian, Mishti
25232, Tulip's Global Cuisine,Tulip's Global Cuisine, Chinese, Thai, Asian, Italian
22584, Banchharam,Banchharam's, Mishti
20725, Khawab,Khawab, North Indian, Biryani, Hyderabadi
22537, Tewari Brothers,Tewari Brothers, South Indian, North Indian, Fast Food, Street Food, Chinese, Mishti
18224067, Hayat,Hayat, North Indian, Mughlai, Chinese
24736, Balaram Mullick & Radharaman Mullick Sweets,Balaram Mullick & Radharaman Mullick Sweets, Mithai, Desserts
23865, Asia In Box,Asia In Box, Asian
22905, Mouchak,Mouchak, Mishti
18410814, Banana Leaf, Error Code = 404
20834, Trincas Tavern,Trincas Tavern, Chinese, Continental, North Indian
21568, Illusion,Illusion, North Indian, Chinese, Continental, Finger Food
22552, Penguin Restaurant,Penguin Restaurant, Chinese, North Indian
22024, Pou Hing,Pou Hing, Chinese, Seafood
20149, Crystaline,Crystaline, Chinese, Thai, Tibetan
24075, New United Cafe,New United Cafe, South Indian
18017617, The Cric World,The Cric World, Bengali, Afghani, Desserts, North Indian, Chinese
23787, Afraa Deli,Afraa Deli, Cafe, Continental, Bakery, Salad
21933, The Mombasa,The Mombasa, Chinese
21049, Food Station,Food Station, North Indian, Chinese, Continental, South Indian, Fast Food
20691, Sare Chuattar,Sare Chuattar, Bengali
18204257, Arshaan, Error Code = 404
21055, Anir's,Anir's, North Indian, Chinese, Street Food, Fast Food, Rolls
18265446, Enamiah Restaurant & Caterer,Enamiah Restaurant & Caterer, Biryani, North Indian, Mughlai, Rolls
23219, Bibi of Taaja's,Bibi of Taaja's, Continental, Burmese, Fast Food
23456, Sree Hari Mistanna Bhandar,Sree Hari Mistanna Bhandar, Mishti
20464, Sher-e-Punjab,Sher-e-Punjab, North Indian, Chinese, Rolls
20478, New Silver Chimney,New Silver Chimney, Chinese, North Indian
22007, Coffee,Coffee, Cafe, Fast Food
20988, Just Baked,Just Baked, Bakery, Fast Food, Desserts
21225, Canton Restaurant,Canton Restaurant, Chinese
18420517, Blue Mug,Blue Mug, Cafe, Continental, Italian, Salad
17983779, Sharma Tea House,Sharma Tea House, Street Food, Beverages
21500, Maaya Bar - Swissotel Kolkata Neotia Vista,Maaya Bar - Swissotel Kolkata Neotia Vista, Mediterranean, Italian, Continental
21310, The Super Snack Bar,The Super Snack Bar, Beverages, South Indian, Fast Food, Juices
18224045, Singh N Ching,Singh N Ching, Chinese, North Indian
21475, The Howrah Bridge,The Howrah Bridge, Biryani, North Indian, Chinese, Mughlai, Rolls
20763, Madras Restaurant,Madras Restaurant, South Indian, Chinese
18414412, Burnt Garlic, Error Code = 404
24789, Chicago Pizza, Error Code = 404
18414437, Pappadam,Pappadam, Goan, Seafood
22782, Gourmet Rasoi, Error Code = 404
20652, Golden Bowl,Golden Bowl, Chinese
22854, Adda Bites,Adda Bites, Chinese, Momos
21148, Jimmy's Kitchen,Jimmy's Kitchen, Chinese
24009, Amir Fast Food Centre,Amir Fast Food Centre, Fast Food, Chinese, Burger
23079, Sutanuti Junction,Sutanuti Junction, North Indian, Chinese
25474, Baked & Fried,Baked & Fried, Fast Food, American
20644, Biscotti,Biscotti, Bakery
21180, Tandoori Delights, Error Code = 404
25091, Haji Ali,Haji Ali, North Indian, Chinese, Street Food
23218, Desi Cuisine,Desi Cuisine, North Indian, Fast Food
22460, Annaras,Annaras, Street Food
18252405, Frosted Delight,Frosted Delight, Bakery, Desserts
23847, New Madras Tiffin,New Madras Tiffin, South Indian
25684, Rahim's, Error Code = 404
20127, The Chinese Pavilion, Error Code = 404
23683, Naba Malancha,Naba Malancha, Chinese, North Indian
20393, Palki,Palki, Chinese, Continental, North Indian, Kebab
20693, Gourmet Hut,Gourmet Hut, Chinese
18070812, Scarlet - Aauris,Scarlet - Aauris, Cafe, Fast Food
21484, Zaika,Zaika, Chinese, North Indian, Rolls
21986, Sip & Sandwich,Sip & Sandwich, Sandwich, Fast Food
23353, Anarkali Restaurant,Anarkali Restaurant, North Indian, Biryani
23662, Raviz,Raviz, North Indian, Mughlai
23246, Fuel Resto Bar- The Pride Hotels,Fuel Resto Bar- The Pride Hotels, Finger Food
18296349, Chicago Pizza, Error Code = 404
22139, Golden City,Golden City, Chinese
24884, Plate-de-Poultry,Plate-de-Poultry, Continental
25723, Multicuisine - The Big Boss,Multicuisine - The Big Boss, North Indian, Chinese, Continental
21341, Ice & Spice,Ice & Spice, Chinese, North Indian
21117, Feast,Feast, Chinese, North Indian, Rolls, Momos
24831, Chatar Patar,Chatar Patar, Street Food, Beverages, Fast Food
18398881, Deraa The Afghan Rasoi, Error Code = 404
21208, Hotel Broadway,Hotel Broadway, North Indian, Chinese, Finger Food
21152, Mustard,Mustard, Chinese, North Indian
21306, Sholoana Bangali,Sholoana Bangali, Bengali
22221, Pao Chein,Pao Chein, Chinese
24680, D'Ley,D'Ley, Chinese
23801, Masala Kitchen,Masala Kitchen, North Indian
21570, Xspicy - Indismart Hotel,Xspicy, North Indian, Bengali, Chinese, Continental, Seafood
22819, Republic of China, Error Code = 404
20612, Prince Fast Food Centre,Prince Fast Food Centre, North Indian, Chinese
23170, Ar-Han-Thai,Ar-Han-Thai, Chinese, Lebanese
18219915, Auntie Annes,Auntie Annes, Bakery, Fast Food
18318768, Cake and Bake,Cake and Bake, Bakery
18240469, Urban Kitchen,Urban Kitchen, Continental, Afghani, North Indian, Chinese, Mughlai
24587, Vegout, Error Code = 404
18162667, Swad,Swad, Biryani, Fast Food, North Indian, Chinese, Mughlai, Momos
25065, Shruti's Creations,Shruti's Creations, Bakery, Desserts
23904, Suresh Mistanna Bhander,Suresh Mistanna Bhander, Desserts
23114, Penguin Dhaba,Penguin Dhaba, North Indian, Chinese
21988, NU Variety,NU Variety, South Indian, North Indian, Fast Food
22372, Regent Restaurant,Regent Restaurant, North Indian, Chinese
18287248, Calif, Error Code = 404
23042, Nalin Chandra Das & Sons,Nalin Chandra Das & Sons, Mithai
22421, Hide Cafe,Hide Cafe, North Indian, Chinese
22175, Kafe Bindass,The 10e Cafe, Cafe, Chinese, Fast Food
18237073, Crossroad Crystal,Crossroad Crystal, North Indian, Continental, Bengali, Chinese
23014, New Saurashtra Nimki House,New Saurashtra Nimki House, Desserts, Street Food
24838, Delice - Novotel,Delice - Novotel, Cafe, Desserts, Bakery
25597, Krazy Biryani,Krazy Biryani, Biryani, Chinese
25192, Taste Buds, Error Code = 404
18017651, THE FIREFLY, Error Code = 404
21420, Chineese Quisine,Chineese Quisine, Chinese
22168, Silver Sand,Silver Sand, North Indian, Chinese
24527, Choco Lust,Chocolust, Bakery
22709, Katerpillar Cafe, Error Code = 404
25083, Made In Oven,Made In Oven, Bakery, Desserts
25711, Shudh Veg Food Court,Shudh Veg Food Court, North Indian, Chinese
23432, Yin Yang,Yin Yang, Thai, Chinese
23839, Epicuisine,Epicuisine, Bakery, Desserts
21232, Hong Kong, Error Code = 404
22234, Ranjan's,Ranjan's, North Indian, Chinese, Street Food
24915, Baskin Robbins,Baskin Robbins, Ice Cream, Desserts
24003, Dumpling Momo,Dumpling Momo, Chinese, Nepalese, Tibetan, Momos
23096, Kim Fa,Kim Fa, Chinese
21178, Bedwin,Bedwin, Chinese, North Indian, Rolls
21282, T.T.K. Restora,T.T.K. Restora, Chinese, North Indian
22130, Pepperz,Pepperz, Fast Food
18390677, Fork & Dagger,Fork & Dagger, Chinese, Continental, Italian, North Indian
22809, Nirvana - Park Plaza,Nirvana - ​Radisson Kolkata, Finger Food, Bar Food
25728, Spice Project,Spice Project, Chinese, Thai
21893, Yogen Fruz, Error Code = 404
21830, V Cafe,V Cafe, North Indian, Mughlai, Chinese
23568, Mouchak,Mouchak, Mishti
18237045, Icy Fusion,Icy Fusion, Ice Cream, Desserts
18273044, The Cake Counter,The Cake Counter, Bakery, Desserts
21675, Seedz Beanz N Aroma,Seedz Beanz N Aroma, Cafe
18017635, The Village,The Village, North Indian, Chinese, South Indian
21718, Capnil Kitchen Restaurant,Capnil Kitchen Restaurant, Chinese, North Indian
18377116, Delish Dhaba,Delish Dhaba, North Indian, Chinese
23914, Cafeccino,Cafeccino, Cafe
24572, Dawat Restaurant,Dawat Restaurant, Chinese, North Indian
23430, Azad Hind,Azad Hind, North Indian, Street Food, Rolls
23438, Dhaka Biriyani House & Restaurant,Dhaka Biriyani House & Restaurant, Biryani, North Indian
23416, Mishra's Restaurant,Mishra's Restaurant, North Indian, Chinese, Continental
18420482, Sumo Dough,Sumo Dough, Italian, Salad
18016829, An Idea, Error Code = 404
25562, Eat-O-Gito,Eat-O-Gito, Desserts, Ice Cream
18249166, Dark Knight, Error Code = 404
20761, Dehat,Dehat, North Indian
18213954, Saffron Food Cafe,Saffron Food Cafe, South Indian
18420366, Wabi Sabi,Wabi Sabi, Cafe, Continental, Fast Food
23728, Goutam's,Goutam's, Fast Food, Chinese, Beverages, Rolls
24945, Chill Maar,Chill Maar, Cafe, Italian, Continental, Beverages
24336, Narayan Mistanna Bhandar,Narayan Mistanna Bhandar, Desserts, Street Food
23399, Sharma Snacks Center,Sharma Snacks Center, Street Food, Mishti
25563, Home Slice,Home Slice, Pizza
