JW Kitchen - JW Marriott,18398880,0
Peter Cat,20404,1
Barbeque Nation,20842,2
Barbeque Nation,25570,3
Spice Kraft,18017612,4
What's Up,18017615,5
6 Ballygunge Place,20002,6
The Irish House,24286,7
Oudh 1590,23273,8
Mocambo,20350,9
Jaisalmer,24537,10
Fly Kouzina,24760,11
India Restaurant,20747,12
Flurys,21212,13
Chili's Grill & Bar,23729,14
Sigree Global Grill,24452,15
Santa's Fantasea,24530,16
Oudh 1590,25628,17
Afraa Restaurant And Lounge,20852,18
Blue And Beyond,21636,19
Arsalan,20797,20
Ocean Grill,18259462,21
BarBQ,20870,22
Santa's Fantasea,18143268,23
Asia Kitchen by Mainland China,18217475,24
Gabbar's Bar & Kitchen,25664,25
Hatari,20240,26
Chowman,23933,27
The Corner Courtyard,23636,28
The Wall,20833,29
The Factory Outlet,24629,30
Mrs. Magpie,22164,31
My Big Fat Belly,18343765,32
Yauatcha,24503,33
Barcelos,18311134,34
Hoppipola,18249144,35
Haka,20782,36
Abar Baithak,24657,37
Paris Cafe,24564,38
Nawwarah,18377112,39
The Bikers Cafe,24342,40
The Steak Factory,24525,41
Bon Appetit,21885,42
Olypub,20855,43
Scoop,20456,44
TGI Friday's,25587,45
Aminia,23557,46
Rang De Basanti Dhaba,23767,47
Kaafila,21426,48
Chili's Grill & Bar,25714,49
Tamara - Pipal Tree Hotel,23587,50
6 Ballygunge Place,21308,51
Momo I Am,18198678,52
Tung Fong,21380,53
Royal Indian Hotel,21411,54
Chili's Grill & Bar,25718,55
Au Bon Pain,23805,56
Hakuna Matata,25654,57
Wise Owl,21997,58
Golden Joy,21346,59
Cafe Mezzuna,23831,60
Big Boss,21431,61
MUD,25199,62
Beijing,21347,63
Nizam's,21176,64
Bombay Brasserie,24205,65
Calcutta Bistro,20613,66
Bohemian,21520,67
Balwant Singh's Eating House,20754,68
The GRID,18343730,69
Balle Balle Dhaba,24313,70
Tandoor Park,20518,71
Flame & Grill,21220,72
CIT Cafe,21578,73
Terminal 11,18017610,74
Mainland China,20928,75
Piccadilly Square,20720,76
Indian Coffee House,21764,77
KFC,20287,78
Shiraz Golden Restaurant,21527,79
Chai Break,24735,80
10 Downing Street,18296364,81
Smoke House Deli,23899,82
Tandoor House,18259433,83
The Grub Club,20661,84
Raj Spanish Cafe,22095,85
Mirch Masala Restaurant & Bar,20348,86
The Blue Poppy,21230,87
Chapter 2,18265441,88
Nahoum and Sons,21211,89
Paramount Sherbats & Syrups,22173,90
The Palms,18166939,91
Opium,21350,92
Mamagoto,18368652,93
One Step Up,21376,94
Haka,20235,95
Haldiram Food City,21594,96
La Maison Des D??lices,23817,97
Hanglaatherium,24794,98
Beer Republic,18166940,99
McDonald's,20630,100
Mumbai Local,18343731,101
Desi Lane,18343756,102
Banana Leaf,20044,103
Oh! Calcutta,20974,104
Sanjha Chulha,20453,105
Xrong Place,20862,106
Bakstage,23185,107
Honey Da Dhaba,21269,108
Mitra Cafe,21125,109
Bombay Shiv Sagar,20090,110
Balaram Mullick & Radharaman Mullick Sweets,22077,111
Ecstasea,23964,112
Byepass Dhaba,18162672,113
Smoke Shack - Park Plaza,22661,114
Bhojohori Manna,20072,115
Punjabee Rasoi,20912,116
Jai Hind Dhaba,20273,117
The Bridge - The Floatel Hotel,20841,118
Golbari,21612,119
Machaan,21218,120
Kimli,20293,121
Paris Cafe,23057,122
Mocha,20959,123
Sher-e-Punjab,21353,124
CALCUTTA 64,18377098,125
Tibetan Delight,22006,126
Denzong Kitchen,23295,127
Trincas,21781,128
Eagle Boys Pizza,25737,129
Hatari,24808,130
Haldiram Food City,20829,131
Blue Sky Cafe,22056,132
Bachan's Dhaba,21251,133
Oh! Calcutta,21217,134
Momo Plaza,20780,135
Kasturi Restaurant,21576,136
Mainland China,21216,137
Cafe Mezzuna,18249157,138
Kaidi Kitchen,22418,139
Reflexion -The Majestic Suites Hotel,18249172,140
Girish Chandra Dey & Nakur Chandra Nandy,22078,141
Shawarma Nation,23342,142
Buddha Bites,24195,143
Codfather,24193,144
Flavours Of China,21798,145
Jalapenos,20274,146
Anand Restaurant,21391,147
China Whites,20647,148
Tyre Patty,23555,149
Casa Kitchen,21559,150
Aaira,24650,151
Cream Centre,21543,152
Food Station,20733,153
Golden Dragon,21349,154
Cafe 4/1,25605,155
Kookie Jar,21590,156
Royal Indian Restaurant,25705,157
Haji Saheb,21257,158
Moulin Rouge,20881,159
Waterside Cafe - Hyatt Regency,20942,160
Marco Polo,21213,161
Dada Boudir Hotel,21875,162
Tung Nam,22429,163
Cloakroom,25431,164
Solid Gulp (Bapi Dar Momo),22391,165
Bawarchi Family Restaurant,20061,166
Privy Ultra Lounge,21588,167
Afraa Deli,20657,168
8th Day Cafe & Bakery,24874,169
Someplace Else - The Park,21424,170
Blossom,20719,171
Rang De Basanti Dhaba,24547,172
Golden Gate,20681,173
Go Lebanese,21550,174
Monkey Bar,18361667,175
Rajdhani Thali,18198665,176
The Dugout,24344,177
Amber,20712,178
Fire and Ice Pizzeria,20193,179
Tolly Tales,18249142,180
Serafina,24504,181
Zeeshan,20602,182
Country Roads,18249185,183
Kasturi Restaurant,21829,184
Raize The Bar,18287272,185
Banzara,20904,186
Pizza Hut,20407,187
Cafe Swiss - Swissotel Kolkata Neotia Vista,21499,188
Krystal Chopstick,20844,189
Abcos Food Plaza,20299,190
Silver Platter,18287268,191
Tamarind,20859,192
Chilli Wok,24487,193
The Love Room,18354594,194
Wow! Momo,21060,195
Lazeez,21386,196
Koshe Kosha,21669,197
Bedouin - Sher e Bengal,20065,198
Pour House,18296336,199
The Mango Tree,24479,200
XII Zodiacƒ?ª - The Fern Residency Hotel,18270247,201
Le Coffee Creme,22404,202
K.C. Das,22076,203
Zaranj,20600,204
The Rouge,21689,205
Fairlawns,22116,206
Hanglaatherium,23927,207
The Bridge - The Park,20850,208
Sabir's Restaurant,21280,209
Afraa Creperie,22107,210
On Track,21355,211
Peshawri - ITC Sonar,21357,212
Naushijaan,20918,213
Saima Restaurant,21668,214
Kusum Rolls,22067,215
The Blue Poppy,24116,216
The Darjeeling,24833,217
Mio Amore Restaurant,21354,218
Fuji,23655,219
Mehak-e-Punjab,21992,220
Panna's Kitchen,21805,221
Sholoana Bangali,20472,222
Oasis,21511,223
Cocoa Bakery,23814,224
The Great Booze Story,18166935,225
Lebanese Junction,24502,226
Woodstock 1969,25753,227
New Aliah Hotel & Caterer,20679,228
Kim Ling,23179,229
OTT - Over the Top,24727,230
Golden Spoon,21470,231
Paranthe Wali Galli,18414428,232
Bistro By The Park,21382,233
Hatari,21861,234
Blue Nile,21881,235
Sonargaon - Taj Bengal,21461,236
Cafe Ekante,25538,237
China Wok,25637,238
Putiram Sweets,22785,239
Govinda's,21510,240
The Hub - Taj Bengal,21215,241
Tak Heng,25429,242
Hungry Tide,21634,243
Caafe 360 Degree,21954,244
Mandarin Restaurant,20867,245
F.R.I.E.N.D.S Cafe,18311124,246
Mainland China,21839,247
Fish Fish,22362,248
Alla Bella Mozzarella,18265429,249
BJs Sports Restrau Cum Lounge,18265479,250
Bellagio,21558,251
Wall Street Bar,25615,252
Crossroad Cafe,18265458,253
Tero Parbon,20847,254
Machaan,21840,255
Deli Cravings,18017605,256
Vintage Asia - JW Marriott,18420362,257
Brickwood,18217480,258
Aqua - The Park,21508,259
The Coffee Bean & Tea Leaf,21053,260
Aaheli - The Peerless Inn,21581,261
Azad Hind,20035,262
FoodPath,21892,263
Jyoti Vihar,20279,264
The Chaiwala,18143280,265
Zucca Lounge,18296346,266
Overdose,18361674,267
Tram Deepo,18354569,268
Dilkhusha Cabin,22406,269
Kwality,20873,270
Royal Lebanese,22769,271
Azad Hind Dhaba,21964,272
The Country House,18265462,273
Only Alibaba,20908,274
Azad Hind,20036,275
The Royal Bengal Tiger Cafe,24902,276
Rosenberg,21281,277
Since 2016,18270243,278
Ol Yourz,24201,279
Aura - The Sonnet,21563,280
Oval Lounge,21876,281
Edesia,23629,282
Roxy - The Park,21506,283
Crystal Chimney,20147,284
Hindusthan Dhaba,18377108,285
Wasabee,22188,286
Ammini,21548,287
Crave Foodworks,24008,288
Magnolia,20875,289
Chinoiserie - Taj Bengal,21462,290
M Bar Kitchen,24665,291
One Sports Lounge,18250360,292
Teej,20529,293
The Chutney Co.,25617,294
Marco Polo,21214,295
Subway,20962,296
The Bhoj Company,21868,297
Bagicha,20677,298
Campari,20665,299
Caught n Bowled,20843,300
Shisha - Bar Exchange,18249148,301
Cafe Coffee Day,21945,302
Kookie Jar,21593,303
Domino's Pizza,20172,304
Saptapadi,18270233,305
Tantra - The Park,21509,306
Jafran,25660,307
Momo I Am,18361657,308
Cha Bar,20964,309
Chung Wah,21538,310
Gupta Brothers Sweets,20723,311
Afraa Deli,21728,312
Noodle Oodle,18334323,313
The Wise Owl Steakhouse,25679,314
Hungry Tide,23894,315
Mainland China,20927,316
The Square - Novotel,24533,317
Kookie Jar,21598,318
Burger You,24624,319
Flame & Grill,21219,320
Kaidi Kitchen,24795,321
The Rose,21274,322
Q33,24315,323
Sharma Dhaba,21146,324
The Sushi Oke,21389,325
Rooftop Top View,22004,326
Bliss,20083,327
Au Bon Pain,23673,328
Orko'ss Restaurant & Lounge Bar,21546,329
Red Bamboo Shoot Restaurant,23191,330
La Cucina - Hyatt Regency,20941,331
The Blue Door,24781,332
Cheeni Kum,21869,333
Gangaur,20828,334
Eau Chew Restaurant,21715,335
6 Ballygunge Place Thali,23357,336
Hoppipola,18420396,337
SOI,18368664,338
Courting Coffees,18431475,339
Icy Fusion,24892,340
Kebab-e-Que - The Astor Hotel,21530,341
Govinda's,22189,342
Haldiram's,22165,343
Mission Cafe,23942,344
Red Bamboo Shoot Restaurant,25387,345
Kasturi Restaurant,18017608,346
The Co. by Wok Anthems - Dee Empresa Hotel,24887,347
Dosa @ Twist,24481,348
Santa Delivers,24834,349
K19 All Day Dining - Park Plaza,22660,350
Lazeez Express,23280,351
Charcoal Grill,21412,352
Hatari,23221,353
Tandoori Darbar,21046,354
Haji Saheb,24573,355
Ginger,20885,356
Baati Chokha,25506,357
Jabbrr Afghani,22351,358
The Steak Factory,18420392,359
Benjarong,20890,360
Kasturi Restaurant,23559,361
Udipi Home,22087,362
Zam Zam,22656,363
Pai's Malgudi,24816,364
Saptapadi,23953,365
Pizza Hut Delivery,21374,366
Roast,18377068,367
Chittoda's Suruchee Restaurant,21760,368
The Silk Route,24568,369
Red Hot Chilli Pepper,21519,370
Eat Good Food,18237056,371
Ppaparazzi,21664,372
SpiceKlub,18343750,373
Sudipar Rannaghor,18162696,374
Hondo's,18361680,375
Watz This Friday,23597,376
Eden Pavilion - ITC Sonar,21626,377
Kewpie's,20286,378
New Empire Bar,20872,379
Little Italy (Little High),20322,380
Buzz,20698,381
Sienna Store & Cafe,18237062,382
Apanjan,22206,383
Mama Mia!,20957,384
Hot Kathi Rolls,22082,385
Anadi Cabin,22169,386
The Yellow Chilli,21569,387
Aqua Java Air,18143246,388
6 Ballygunge Place Thali,24670,389
Teekha,24395,390
Cakes,21929,391
@49,18017618,392
Fusion,21159,393
Purple Turtle,25141,394
Starstruck,20499,395
Kix Lounge,21639,396
Ozora,18420364,397
Jimmy's Kitchen,21149,398
Sharma Tea,21138,399
The Coffee Bean & Tea Leaf,23890,400
Tasty Corner,22866,401
Dolly's The Tea Shop,21381,402
Azad Hind,24668,403
Asia House,18398872,404
Bijoli Grill,24644,405
Caf?? OMG! Social,18296323,406
Oceanic - The Peerless Inn,21580,407
Pizza Hut,21370,408
Russel Punjabi Dhaba,21665,409
The Street - The Park,20851,410
Royal Jade Chinese Restaurant,21073,411
Krazy for Chocolates,21441,412
The French Loaf,20945,413
Fatso's,22432,414
Pan Asian - ITC Sonar,21516,415
FoodPath,18143265,416
Wolves'11,18134908,417
Lokaahar,18204346,418
Buzz - The Gateway Hotel,23442,419
Caafe 360 Degree,23468,420
Sera - The Tapas Bar & Restaurant,23730,421
Marufaz,25589,422
The Drunken Monkey - Hotel O2 VIP,18343728,423
KK's Fusion,21633,424
China South,23792,425
Sultan,18296352,426
Manti,21262,427
Baan Thai - The Oberoi Grand,21523,428
Hindusthan Sweets,22904,429
Advieh - Hotel Celesta,24117,430
Coffee World,21811,431
Macazzo,18377090,432
Cafe Unplugged,25610,433
We.Desi,18354584,434
Vault,24654,435
Fusion Fantasea,18377076,436
Gelato Italiano,20933,437
47 South Tangra Road,21815,438
Red Xpress,21532,439
Cafe Mi Casa,25702,440
Nirala's China Town,20363,441
Gossip,21465,442
Go Where,23325,443
Charnock's,21604,444
First Flush,18361635,445
Rasam - The Stadel,21371,446
One Way Cafe,23875,447
The Funjabi Tadka,23213,448
Melodrama,25377,449
Dada Boudi Restaurant,17983797,450
Waldorf,20878,451
China Calling,25464,452
Durbari - Swissotel Kolkata Neotia Vista,21502,453
Raj Restaurant,20784,454
Drumstick,21761,455
Guchhi - Hyatt Regency,20940,456
Hamro Momo,21147,457
Silver Screen,21722,458
Bijoli Grill,20079,459
First Innings Multicuisine Restaurant - The Stadel,21360,460
Hotel Swagath,21507,461
The Taste Maker,20734,462
Hotel Taaj,21296,463
Prema Vilas,22576,464
Mythh - HHI,21368,465
Tandoori Darbar,21300,466
Zen - The Park,20848,467
Fiesta,24590,468
Goin West,18213991,469
Haveli,21383,470
The Cream & Fudge Factory,20969,471
Sand - De Sovrani,22933,472
Mrs. Magpie,18386792,473
Cookie Man,22008,474
BB's Restaurant,20063,475
The Lords,20692,476
Skyline Confectioners,21843,477
Zyka,21294,478
Oye Balle Balle Dhaba,18377093,479
Bong Connection,22572,480
Afraa Deli,22113,481
Pizza Hut,22259,482
Ambrosia Restaurant,22649,483
Souk - Taj Bengal,21497,484
The Coastal Macha,18382762,485
Hing Bar & Restaurant,21609,486
Aromas - Kenilworth Hotels,20866,487
London Lounge,24463,488
What's In D Name,18368662,489
The Tea Junction,21064,490
Splash - Swissotel Kolkata Neotia Vista,21557,491
Nocturne,21432,492
Maharani,23382,493
Jam House,18325249,494
Express Food Plaza,25037,495
Chanda's Khaukswey,18226441,496
Goutam's,22453,497
Simply Sizzlers,22820,498
Shinryu Restaurant & Bar,22571,499
Bhajohori Ranna,23305,500
Route 17 - The Steakhouse,18414426,501
Mithai,22722,502
Mumble's Lab,18259447,503
Desi Mehak,18211703,504
Shaina Chicken Corner,23522,505
Go Lebanese,23214,506
Raajbarir Khawa,21859,507
C/o. Bangali,18366914,508
Mughal Khaan,18323211,509
Wok King,18204258,510
18 James Long,18209848,511
Express Le Coffee,25478,512
Mini Hut,21723,513
The Auto Junc,18354592,514
Chicken King N Pizza Day,18175457,515
Cinnabon,18166888,516
Khawab,21727,517
Rendezvous - Monotel,22804,518
The Dugout,18343761,519
Chittaranjan Mistanna Bhandar,23680,520
Saffron - The Park,20849,521
Goutam's,22477,522
Shimmers,21595,523
The Belgian Bakery,23674,524
Keventers,18343753,525
Dum Pukht - ITC Sonar,21611,526
Don Giovanni's,21017,527
Kabuliwala,18382567,528
Manthan Songhai,23610,529
Rasoee Desi Kitchen,18414429,530
Pind Punjabi Dhaba,18343733,531
Momore,24662,532
Bhikharam Chandmal,23924,533
One Step Ahead,25148,534
Indthalia,20622,535
Bhim Chandra Nag,22080,536
Hongkong Express,21313,537
Bake Club,21635,538
Chacha's Hotel,21157,539
Ramakrishna Lunch Home,22010,540
The Fan's Club,18377107,541
The Scoop,20653,542
Barista Lavazza Espresso Bar,23360,543
Mirage - The Stadel,23923,544
Allen Kitchen,21429,545
Padmaparer Rannaghar,23180,546
Kurry Klub,21377,547
Dimpi,21996,548
Zaikebaaz,23512,549
La Griglia,22361,550
The Noodle Hub,18217433,551
Bhoomi - Vedic Village Spa Resort,21618,552
The Cafe Store,25631,553
Coffee N Mood,23873,554
Crossroad Crystal,21818,555
Canteen @ Byloom,22665,556
Glac?? Patisserie,18213985,557
Debonair,21552,558
Blue Lagoon,20085,559
Aaheli,21574,560
Banana Leaf,17983759,561
Suruchi Veg Restaurant,25712,562
Garden Cafe,20789,563
Badshah Bar & Restaurant,20765,564
Dalma,23237,565
Bedwin,21118,566
Piccadilly Square,25155,567
Spice Ocean,18287247,568
Nargis Restaurant,20359,569
Tangerine,20520,570
The 5sos Cafe,24574,571
Indthalia,20621,572
Only Alibaba Gold,24387,573
Yin Yang,21870,574
D Win Dragon,22446,575
Coffee World,18166920,576
Cremecup.in,18162656,577
Kowloon,20307,578
Jai Hind Dhaba,24428,579
Rahmania,20420,580
Calcutta Retro,23433,581
Cafe Treat - The Pride Hotels,21621,582
Orchid,21854,583
Addiction,21855,584
K2 The Restaurant,20911,585
The Good Old Days,18296324,586
Genuine Broaster Chicken,18386800,587
Design My Cake,18198655,588
Kwality,21716,589
Swissyum Concept Foods,25025,590
Pied Pipers Cafe,18296327,591
Little Pleasures,24513,592
Masala Wok By Red Hot Chilli Pepper,18377087,593
Orko'ss Restaurant - Regenta Orko'ss Hotel,24454,594
Icy Fusion,25623,595
Kebabish Grill India,25716,596
American Cave,18311131,597
Au Bon Pain,18162660,598
Afza,21425,599
Kurry Patta,18311146,600
Yagna - Vedic Village Spa Resort,21617,601
Caf?? Drifter,18377085,602
Eggytarrian,25710,603
Kookie Jar,21596,604
The Protein Bistro,18354579,605
Hanglaatherium,25634,606
Studio - The Pan-Asian Galerie - Novotel,17983801,607
Pabrai's Fresh and Naturelle Ice Cream,25651,608
Noodle MEE,24929,609
Mezban,20826,610
The Coffee Den,24843,611
Myx,24446,612
The Eye Within Club,24649,613
Thakroon,18380248,614
Calcutta Stories,18296368,615
Coffee N Mood,22140,616
Cheeni Kum Lounge & Bar,22096,617
Kalika,23223,618
Sanjha Chulha,18296356,619
Wokaholic,18368673,620
Bake o Cake,18162653,621
Bean's And Cream Cafe,25546,622
Silver Screen Asia,24998,623
Tinny Da Dhaba,21050,624
Anti Pasti: Multicuisine 24x7,18311162,625
Haji Ali,21995,626
6 Ballygunge Place - Gup Shup,18166908,627
Crimson Haze,18368688,628
La Patisserie and Deli - Taj Bengal,21474,629
Go Green,23595,630
Go Lebanese,23793,631
Maharaja,20864,632
F4U - Food for U,24655,633
Only 4 Chinese Gazab,25378,634
Anamika Roll Centre,22580,635
Shimla Biryani,25190,636
Nalin Chandra Das & Sons,22431,637
Xing,20756,638
Red Kitchen & Lounge,21352,639
Forever Yogurt,24546,640
Chinese Quisine,21241,641
Yummy Puds,18217861,642
Nu Wan Li,21070,643
Velvetiine,25620,644
Black Sky Bar - Aauris,18198682,645
The Biryani Company,23691,646
Rollick,18325258,647
Benfish,20770,648
Silver Grill,21171,649
Bistro Y,24830,650
Kafulok,20830,651
Indian Coffee House,21763,652
Steam & Fried,23940,653
Gunjan Chinese Food,22893,654
Sharma Tea,21137,655
Gangotri,21140,656
Saima,21316,657
Hangla's,18265465,658
Food Village,22674,659
Plush Lounge & Bar - Astor Hotel,21529,660
Mezze,23800,661
The Yellow Straw,24935,662
Chin Wah,23652,663
New Aahar Restaurant,21834,664
Friends' Pizza,18171057,665
New Cathay Restaurant and Bar,21579,666
Khanasutra - Park Prime,21620,667
BLU -  Aauris,18070826,668
Pawan Putra,24802,669
Tit Bits,20675,670
China Bite,23242,671
The New My Club,20920,672
Paris Cafe,18287249,673
Coffee World Restaurant,21812,674
The Yellow Straw,25516,675
Toaste Adda,24841,676
Fikar Not Foodies,18162690,677
The Cloud 9,18143263,678
Paradise,22437,679
Chopstick,20132,680
Cream Centre,17953898,681
Fillers,21759,682
The Shack Lounge,18224030,683
Ralli's,20809,684
The Tipsy Bull,18420386,685
Kuaizi 'n' Kadai,24343,686
Nafeel Restaurant,21863,687
Nalban Food Park- All Fish Restaurant,18325275,688
Hong Kong,21231,689
Das Cabin,23835,690
India Lord,21328,691
Cafe Bistro,24456,692
Hatari,21862,693
Chef Alladin,21967,694
Tongue Twister,21344,695
Extacy,21584,696
Kamdhenu's,25400,697
D -Talks Adda,18370526,698
Mr.Burger,18388305,699
The Super Snack Bar,20706,700
Golden Empire,22496,701
The Wall Express,18166910,702
Arun Tea Stall,22458,703
Tewari Sweets,22538,704
Radhu Babu's,22612,705
Sangu Valley,21286,706
D-Den,18134926,707
The Grub Club,21476,708
Shawarma Nation,25692,709
Sanjha Chulha,23853,710
Epicuisine,23981,711
Choc N Cheese,23085,712
Mandarin Restaurant,23606,713
Darbaar-E-Khaass,25227,714
Bakstage The Wine Room,24812,715
Foodie By Nature,18270238,716
Hindustan Sweets,22442,717
Honey Da Dhaba,18296333,718
Mehak-e-Punjab,20791,719
Indthalia,20624,720
Nandini,21736,721
Hao Chi,21485,722
Kalash - HHI,21356,723
La Komida,24444,724
Igloo Cafe & Ice Cream Parlour,22386,725
New Paul Dhaba,21288,726
Gourmet Bakers,18302162,727
Fresh Bake,18224054,728
VR1,18311150,729
Bay Leaf,20062,730
The Scoop,24531,731
Little India,23934,732
Mangio,21608,733
The Sugarr & Spice,20633,734
Heritage Karco,20817,735
Oceania,22534,736
The Guptas,20543,737
Bhooter Raja Dilo Bar,21435,738
Nepal Sweets,23392,739
Offside Sports Cafe,18377106,740
Stun the Sun,20619,741
THE FIREFLY,18270254,742
Lake Lite,21998,743
D Freakerrs,18162652,744
Fast Filling,24429,745
China Crown,23267,746
China Town,22531,747
China Pearl,21448,748
Hi Brew - Hotel Senses,24221,749
Bhikharam Chandmal,21824,750
Tulip's Global Cuisine,25232,751
Banchharam,22584,752
Khawab,20725,753
Tewari Brothers,22537,754
Hayat,18224067,755
Balaram Mullick & Radharaman Mullick Sweets,24736,756
Asia In Box,23865,757
Mouchak,22905,758
Banana Leaf,18410814,759
Trincas Tavern,20834,760
Illusion,21568,761
Penguin Restaurant,22552,762
Pou Hing,22024,763
Crystaline,20149,764
New United Cafe,24075,765
The Cric World,18017617,766
Afraa Deli,23787,767
The Mombasa,21933,768
Food Station,21049,769
Sare Chuattar,20691,770
Arshaan,18204257,771
Anir's,21055,772
Enamiah Restaurant & Caterer,18265446,773
Bibi of Taaja's,23219,774
Sree Hari Mistanna Bhandar,23456,775
Sher-e-Punjab,20464,776
New Silver Chimney,20478,777
Coffee,22007,778
Just Baked,20988,779
Canton Restaurant,21225,780
Blue Mug,18420517,781
Sharma Tea House,17983779,782
Maaya Bar - Swissotel Kolkata Neotia Vista,21500,783
The Super Snack Bar,21310,784
Singh N Ching,18224045,785
The Howrah Bridge,21475,786
Madras Restaurant,20763,787
Burnt Garlic,18414412,788
Chicago Pizza,24789,789
Pappadam,18414437,790
Gourmet Rasoi,22782,791
Golden Bowl,20652,792
Adda Bites,22854,793
Jimmy's Kitchen,21148,794
Amir Fast Food Centre,24009,795
Sutanuti Junction,23079,796
Baked & Fried,25474,797
Biscotti,20644,798
Tandoori Delights,21180,799
Haji Ali,25091,800
Desi Cuisine,23218,801
Annaras,22460,802
Frosted Delight,18252405,803
New Madras Tiffin,23847,804
Rahim's,25684,805
The Chinese Pavilion,20127,806
Naba Malancha,23683,807
Palki,20393,808
Gourmet Hut,20693,809
Scarlet - Aauris,18070812,810
Zaika,21484,811
Sip & Sandwich,21986,812
Anarkali Restaurant,23353,813
Raviz,23662,814
Fuel Resto Bar- The Pride Hotels,23246,815
Chicago Pizza,18296349,816
Golden City,22139,817
Plate-de-Poultry,24884,818
Multicuisine - The Big Boss,25723,819
Ice & Spice,21341,820
Feast,21117,821
Chatar Patar,24831,822
Deraa The Afghan Rasoi,18398881,823
Hotel Broadway,21208,824
Mustard,21152,825
Sholoana Bangali,21306,826
Pao Chein,22221,827
D'Ley,24680,828
Masala Kitchen,23801,829
Xspicy - Indismart Hotel,21570,830
Republic of China,22819,831
Prince Fast Food Centre,20612,832
Ar-Han-Thai,23170,833
Auntie Annes,18219915,834
Cake and Bake,18318768,835
Urban Kitchen,18240469,836
Vegout,24587,837
Swad,18162667,838
Shruti's Creations,25065,839
Suresh Mistanna Bhander,23904,840
Penguin Dhaba,23114,841
NU Variety,21988,842
Regent Restaurant,22372,843
Calif,18287248,844
Nalin Chandra Das & Sons,23042,845
Hide Cafe,22421,846
Kafe Bindass,22175,847
Crossroad Crystal,18237073,848
New Saurashtra Nimki House,23014,849
Delice - Novotel,24838,850
Krazy Biryani,25597,851
Taste Buds,25192,852
THE FIREFLY,18017651,853
Chineese Quisine,21420,854
Silver Sand,22168,855
Choco Lust,24527,856
Katerpillar Cafe,22709,857
Made In Oven,25083,858
Shudh Veg Food Court,25711,859
Yin Yang,23432,860
Epicuisine,23839,861
Hong Kong,21232,862
Ranjan's,22234,863
Baskin Robbins,24915,864
Dumpling Momo,24003,865
Kim Fa,23096,866
Bedwin,21178,867
T.T.K. Restora,21282,868
Pepperz,22130,869
Fork & Dagger,18390677,870
Nirvana - Park Plaza,22809,871
Spice Project,25728,872
Yogen Fruz,21893,873
V Cafe,21830,874
Mouchak,23568,875
Icy Fusion,18237045,876
The Cake Counter,18273044,877
Seedz Beanz N Aroma,21675,878
The Village,18017635,879
Capnil Kitchen Restaurant,21718,880
Delish Dhaba,18377116,881
Cafeccino,23914,882
Dawat Restaurant,24572,883
Azad Hind,23430,884
Dhaka Biriyani House & Restaurant,23438,885
Mishra's Restaurant,23416,886
Sumo Dough,18420482,887
An Idea,18016829,888
Eat-O-Gito,25562,889
Dark Knight,18249166,890
Dehat,20761,891
Saffron Food Cafe,18213954,892
Wabi Sabi,18420366,893
Goutam's,23728,894
Chill Maar,24945,895
Narayan Mistanna Bhandar,24336,896
Sharma Snacks Center,23399,897
Home Slice,25563,898
Delyts,25603,899
Blue Heaven,22770,900
The Nest Cafe,18296363,901
Amber Cafe,21712,902
Raja Bhat Khawa,18217482,903
Indra Mahal,21161,904
Khana Khazana,21455,905
Bookhara,20682,906
Hot Wok Village,23548,907
Shanghai Street,22162,908
To Die For,18361643,909
Cantonese Restaurant,18386814,910
The Drive Inn,20177,911
Schezwan Pepper,24433,912
Jimmy's Kitchen,23233,913
Ira Lifestyle Cafe - Pipal Tree Hotel,24679,914
Haan 'D' Biryani,25639,915
Jugal's,24425,916
Mio Amore,25240,917
Koley's Kitchen,23644,918
Ganguram & Sons,23722,919
Darao Pothik Bor,18398882,920
Shivam Family Restro,22420,921
Caf?? Ekante Houseboat Restaurant,18311125,922
Kwality Wall's Swirl's,24059,923
Host,18386820,924
Eighty8+ Kafe,18249143,925
Dhaka Biriyani House & Restaurant,21985,926
Bhaatti-E-Swaad-E-Punjab,22462,927
Sweet N Sour,20510,928
A Sweet Surrrender,23254,929
Aami Bangali,24913,930
Penguin Inn Pvt Ltd Restaurant,23113,931
Nav Aminia,18388188,932
Krishna Snacks Bar,21572,933
Celebrations,21513,934
Skylark,21888,935
Chocotarian,22991,936
Graham's Kitchen,21234,937
Saurav's,21271,938
Square Club,24984,939
Pleasure,24281,940
Zaika Bar and Restaurant,21526,941
Ivory,23590,942
Cafe Loopy Latte,21990,943
Masque Lounge & Bar,22197,944
Scone,24378,945
The Scoop,24826,946
Brew-Berry,22593,947
Basanta Cabin,22931,948
Gopinath,22514,949
Herbs & Spices,22424,950
The Big Ben - Kenilworth Hotels,21542,951
Bread Bazaar,22811,952
Keventers,18368690,953
Second House Restaurant,21707,954
Chaskaa Reloaded Cafe,18270228,955
Mughal Sarai,18166916,956
Smokaccino,22535,957
Kings Grill,21469,958
Nick 'N' Nack,23249,959
VIP Sweets,24137,960
Kaka Tea,22196,961
Mutton Golbari,25713,962
Chung Wahh,18249164,963
Hooked Up Cafe,24803,964
Ridhi Sidhi,20727,965
Fabelle Chocolate Boutique - ITC Sonar,18343772,966
Body N Mind Cafe,25467,967
Eat Smart,18143236,968
The Baking Theory,18452208,969
Sunny's Refreshment,23205,970
Pasta Basta,18311137,971
Regent Restaurant,21721,972
Bong Fusion Cafe,18312670,973
Sona Restaurant,23204,974
Bake Paradise,22657,975
Asha,20028,976
Sen Mahasaya,24532,977
Mayaram Restaurant,21336,978
Every Door's Mystery,18311148,979
Junior Brothers,24380,980
Jadu Kadai,21260,981
La China Grill,23375,982
Kalapata,23608,983
Niranjan Agar,17983781,984
The Dhaba,21694,985
City's Sizzler,20137,986
West Wind,24262,987
Karri Klub,22662,988
Snack Street Cafe,18017655,989
Haridas Modak,22365,990
West View Bar & Grill - ITC Sonar,21627,991
Preach,18398887,992
Soul Kitchen,18249141,993
Pam's Cafe,21777,994
Urmila,21757,995
Raul's Restaurant,21938,996
Mad Hatter's,18361656,997
Penguin Food Bazaar,22184,998
Shibuji,21649,999
Kitchen  Stories,18070807,1000
Mushroom,20356,1001
Star Vada Pav,24565,1002
Baraf - The Last Metro,23658,1003
Baked & Fried,23929,1004
Zahtar - The Maureen,18368667,1005
Sen Mahasaya,23256,1006
Samrat Snacks,20687,1007
Floriana,20879,1008
The Chef,20735,1009
Agarwal's Pav Bhaji,22457,1010
Trincas The Other Room,21780,1011
Maharaja,21329,1012
Pulpy Grape Juice,23184,1013
Anir's,18296347,1014
Hungry Hunter,22194,1015
Sonamati Restaurant,21301,1016
Snax Point,23418,1017
Den - Hotel O2 Oxygen,21587,1018
Ganguram,23718,1019
Eggilicious,18343760,1020
Rimi Restaurant,20705,1021
Park Pavilion - Jameson Inn Shiraz Hotel,21692,1022
The Accord,25444,1023
New Ashiana,23149,1024
Ming Garden Chinese Restaurant,21494,1025
Raasta Cafe,24297,1026
Fork & Knife,18343774,1027
New Embassy,20858,1028
U.P. Bihar,21295,1029
Sip & Sandwich,23621,1030
China Gardens,21447,1031
Gangaur,23638,1032
Mallika,20646,1033
Kasturi Restaurant,18237060,1034
Mom's Green Chilli,21468,1035
Bell Peppers,23828,1036
Ar-Han-Thai,22897,1037
Kaviar,18351506,1038
Rang Mahal,20868,1039
Sanghai Pure Chinese Food,21982,1040
Flames,22664,1041
Kabab Company,22816,1042
Penguin Food Court,22668,1043
Jiban Jamuna,22033,1044
Vaango,18228024,1045
New Palace,22901,1046
Nosh,25550,1047
London Pub - Golden Parkk,18386780,1048
Sanjha Chulha Express,22713,1049
Melete - Sweet Nothings & More,23919,1050
Silli Chillies,18343749,1051
Cheesy People,25425,1052
Say Cheese,22363,1053
Farina Restaurant Cum Bar,22405,1054
New Deeya Bati,21549,1055
Baked N Fried,20803,1056
Moghul-E-Azam,18270223,1057
Classic Tandoor,20138,1058
Capri Restaurant,22353,1059
Pasha - The Pearl Hotel,21501,1060
The Central Grub Club,20786,1061
Bombay Shiv Sagar,23147,1062
Khirki Shri Hari Jalpan Shop,22581,1063
Pizzeria House,18420404,1064
Cafe Mezzaluna,18368689,1065
China Green,21302,1066
Bong Belly,18287270,1067
Sarang,21052,1068
Tai Chien Village,18265463,1069
State of Punjab,22822,1070
Amar Cafe,18265435,1071
Kaos,18198676,1072
Chhota Ellaichi,20638,1073
Filmy Gali,24548,1074
Shree Krishna Sweets,23864,1075
Haldiram's,21983,1076
Biryani House,25058,1077
Agnee - Vedic Village Spa Resort,21616,1078
Green Apple,22103,1079
STAY UP LATE,18343757,1080
Wing Wah,20787,1081
Chunky's,24846,1082
Bestaste Momo,24883,1083
Nyonyang - Park Plaza,23343,1084
Ashoka Restaurant,22047,1085
Reddot,18398863,1086
My Little Kitchen,21229,1087
Satish Chandra Das & Sons - Satish Moira,18347574,1088
Olive - Hotel Niharika,23264,1089
The Wok,25501,1090
Cake Cookies & More,18361652,1091
Salt,18386777,1092
Sound of Groovz,18386791,1093
Szafran,21833,1094
Hara Gouri Mistanna Bhandar,23165,1095
Girnaar Restaurant,21504,1096
Babumashai - The Last Metro,23657,1097
Kickshaw,22208,1098
Calcutta Calling,18354616,1099
Bunkers Spot Cafe,24857,1100
Tewari Confectioners,22878,1101
Unwine - The Sonnet,21565,1102
Ola Gola,23820,1103
Desi Streat,23803,1104
Kiaat Reloaded,18377092,1105
Annapurna Foods,20688,1106
The Brewich Cafe,18431455,1107
Babumoshai Restaurant,20950,1108
Al Hameed Restaurant,18325247,1109
Bazeegar,22172,1110
Ego Retro Lounge - The Peerless Inn,21582,1111
Flambe - Hotel The Sojourn,21684,1112
Scone,23592,1113
China Green,25078,1114
K.C.Gope & Co.,18251913,1115
Dunlop Hotel and Restaurant,20640,1116
Hidden Dragon,24132,1117
Barsha,20658,1118
Kichhukshan Restaurant,18134891,1119
H2O,20700,1120
HUNGRYEE,24359,1121
Food Plaza,23281,1122
The GT Route - Jameson Inn Shiraz,18017614,1123
Handi Food Court,22498,1124
Tirupati,21937,1125
Ethnotel,25105,1126
South Indian Best Food,22849,1127
Pizza For Friends,22818,1128
Celavi,18361677,1129
Good Food - Indismart Hotel,23238,1130
Sholoana Bangali,21962,1131
Kanha,21701,1132
Kathleen,21197,1133
Chilli Garlic,24563,1134
Cafe 24,18224033,1135
Garden Cafe Express,21672,1136
Reflections - Ffort Raichak,22081,1137
Sen Mahasaya,25152,1138
Hotel Sathi,22072,1139
Kitchen Restaurant,23231,1140
Lords Restaurant,21284,1141
Joy Guru Chinese,21299,1142
A1 Haji Fast Food Centre,22805,1143
Fresh-N-Up,20637,1144
Go Veg,18134922,1145
Sharma Sweets,23877,1146
Bhuri Bhoj,23659,1147
Cilantro,18414400,1148
Veg Dhaba,22153,1149
The 6 Russel Street,22548,1150
Ivory Restaurant,18423742,1151
Milee Droog Cafe & Bistro,18356347,1152
The Palm - Pan Asia Continental,22407,1153
Yummee,21850,1154
The Yellow Straw,24312,1155
Agarwal's Pav Bhaji,23498,1156
Gupta Brothers,25122,1157
Raj Restaurant,25451,1158
Moonlight Sonata,23625,1159
Rao's Udipi Home,18217470,1160
Silver Chimney,20477,1161
Aatithya,20755,1162
Mystic Yoga Cafe,18311144,1163
Ghosh & Co.,18159834,1164
Meridian Inn,20672,1165
Khan Saheb,22137,1166
Spice Of Joy,24721,1167
Su Swagatam,21076,1168
The Zeeshan,22895,1169
Sholoana Bangali,18270216,1170
Club Boudoir,18368660,1171
Green Palace,21318,1172
Ajanta Hotel,22026,1173
Ganges,21151,1174
Ma.ma Lebanese,24422,1175
Hot Lips,23731,1176
SugarPlum Cakery,25722,1177
Coriander,18311161,1178
Haldiram's,25455,1179
Bedwin,21413,1180
Dustarkhwan Restaurant,22049,1181
Ralli's,21154,1182
Gupta's Veg,21483,1183
Mouchak's,21399,1184
Heka,21359,1185
Chalkboard,18217460,1186
Mahalaya Snacks Corner,20759,1187
Drive In Snack Bar,21279,1188
Hungry & Skinny,25215,1189
Pleasure Hut - II,23304,1190
Utsav Restaurant,21348,1191
Laziz Pizza,18224070,1192
Urbans Cafe,22870,1193
Nightsaviour,18431486,1194
Foooddy Dot Com,18249170,1195
Chopstick,23320,1196
Vishal Pastry,18325259,1197
Seetala Udipi Eating House,24689,1198
Tropical Chinese,25149,1199
Sen Mahasaya,24528,1200
Chhota Bristol (Shaw Brothers),22057,1201
Tandoor-e-Punjab,20785,1202
Delights,21867,1203
Damur's Bar & Restaurant,21553,1204
Biriyani Bar,22788,1205
The Friend's Home Restaurant,21456,1206
Ashirbad Restaurant,22042,1207
Sonartori Ganga Kuthir - Ffort Raichak,22220,1208
Social Hub Kafe,24754,1209
Maharaj,18287267,1210
Gucchu,18280624,1211
Flavours,18270251,1212
Eat Good Food,18414403,1213
Peep Inn,21226,1214
Flaming Wok,20827,1215
Veg Foodiezz,23832,1216
Bengal Hotel,18146888,1217
Happy Singh Food Express,25420,1218
Hotel Priya,22016,1219
New Grissini,25156,1220
Tripti Snacks Bar,22447,1221
Machiners Paradise Cafe,18377096,1222
Vien,23084,1223
Flavourbox,18377099,1224
North Point,21647,1225
Petuk,24811,1226
Arambagh's Chicken,24681,1227
The Chocolatier,25505,1228
Namotsav,18162684,1229
Tewari Sweets,24418,1230
Dinner House,22595,1231
The Junction - Taj Bengal,21471,1232
Chowrasia Chaats,23417,1233
The Promenade Lounge - Taj Bengal,21472,1234
The Green Mark,18249145,1235
Nawab Snacks Bar,22964,1236
Singhji's,21467,1237
Thakur Mahal,23270,1238
Stargazey,18361666,1239
A4 Foods,18237048,1240
The Calcutta Food Voyage,18420508,1241
Forty Nine,24131,1242
Madras Tiffin,23349,1243
New Paul Dhaba Veggie Hub,18217465,1244
Dhaka Biriyani House & Restaurant,24244,1245
Aafreen Restaurant,18224077,1246
Plaite by Bijoli Grill,18134906,1247
Badshah Snacks,22022,1248
Hao Chi,18398853,1249
Khyber Pass,18386818,1250
Aami Bangali,18224029,1251
The Blue Poppy,24621,1252
Cafe Unplugged,18287237,1253
Nobin Chandra Das & Sons,23075,1254
Salaam Namaste,21773,1255
Lakshmi Narayan Shaw & Son,18134901,1256
Cafe Ekante Floating Boat,18311145,1257
Anir's,18017620,1258
Shun Li,20856,1259
Angan Bar And Restaurant,23330,1260
Baker's Maker,18287262,1261
Cake It,18287253,1262
Cafe Neon,18311154,1263
Jhaaley Jholey Ombole,23355,1264
Ambrosia,20744,1265
Haldiram's,24895,1266
Frisky Bar and Lounge,18420518,1267
Cafe Monte Carlo,21255,1268
Golden Gate,25750,1269
Gelato Vinto,18311141,1270
Hindusthan Sweets,18311153,1271
Spice Garden,20496,1272
Forever Yogurt,25224,1273
Maniac,24466,1274
Heshel Sutanuti,18175645,1275
Hotwich,22814,1276
Fung Fa,20857,1277
Corner Cafe,21337,1278
Nutmeg - ITC Sonar,21613,1279
Kung Pao,18287246,1280
E Kitchen by Urban Feast,18377110,1281
Kesarii,24015,1282
Ozi Social Club,18377067,1283
Santa Delivers,18386790,1284
Food Rocks Caf??,18249179,1285
Bhookkad Nookkad,18166895,1286
Home Cooked - By Foodizen,18377083,1287
The Yellow Straw,25648,1288
Grill by the Pool - Taj Bengal,21487,1289
Biscotti,22875,1290
Soul Cafe,18354602,1291
Noodle Oodle - The Last Metro,18368653,1292
Lucknow,24585,1293
Zest Restora,20563,1294
Hot Flavours,23916,1295
Bakology,18361655,1296
Virgose - HHI,21367,1297
The Tea Factory,18377102,1298
Confectioner's Touch,25221,1299
Ah Wong,18259428,1300
Mandarin Gourmet,21442,1301
Shiv Sai Snacks Bar,23633,1302
Rasui,23631,1303
Nu Cascade,23462,1304
China Town,25063,1305
Lords Restaurant,21436,1306
Neil's Kitchen,22183,1307
Jai Jawan Stall,24087,1308
Annapurna,23461,1309
ALA CARTE,22059,1310
Daakar House,18361836,1311
Noodles & Live Pasta,24772,1312
Royal Cafe,18224064,1313
Mini Box,22378,1314
Jugal's,22915,1315
Daawat-e-ishq,18431075,1316
Kera South Indian,21051,1317
Food Plaza,18217477,1318
Momo Mania,25627,1319
Turning Point,18272560,1320
Shourav's,23243,1321
Chitto Babur Dokan,18143276,1322
Legacy of China,22624,1323
The Baker's Box,18420376,1324
Sylph Chocolates,18259473,1325
Smokeat,18354578,1326
Hungry Hippo,18249162,1327
Urban Edge,22439,1328
Gangotri,23302,1329
Creme Cabana,18420410,1330
Nesha's Kitchen,21466,1331
Moments,23878,1332
Silver Spoon,23182,1333
Panch Bhog,24755,1334
Haji Shaheb,25432,1335
Annapurna Sweets,24085,1336
Saldanha Bakery,18224075,1337
Dreamland Restaurant & Bar,22333,1338
Shah's Kitchen,21991,1339
Arambagh's Chicken,25154,1340
Wah Punjab,25181,1341
Republic Of Chicken,21814,1342
Turban Singh Da Dhaba,25519,1343
Ruchika Restaurant,25055,1344
Ume's kitchen,18166891,1345
Dilruba Restaurant,22925,1346
Bikharam Chandmal,18398874,1347
China Town,22787,1348
Bhooter Raja Dilo Bar,22574,1349
Annapurna Sweets,24792,1350
Grab N Go,18343741,1351
Nosh - Park Prime,21512,1352
H Street Baker,18017633,1353
Shanghai Street,24869,1354
Sharma Snacks,23896,1355
Sharma Snacks,25415,1356
Hot Tray,21333,1357
Bridge View,22642,1358
Trincas Ming Room,21774,1359
Dhaka Biriyani House & Restaurant,22015,1360
Red Carpet,21338,1361
Red Panda,18404203,1362
Upper Crust,25157,1363
Sufia,21886,1364
Black Lounge Bar - Aauris,18198680,1365
Garden Cafe,23317,1366
Rooster Delights,24635,1367
Stun the Sun,20618,1368
Copper Wok,18368692,1369
Shimla Biryani,22631,1370
Skyline Confectioners,25119,1371
Ice Ninja,18388748,1372
Aalishan Restaurant,18217462,1373
Golden Phoenix Chinese,24638,1374
Red Bamboo Shoot Restaurant,21846,1375
Bagchi's,18447220,1376
The Flavours,21397,1377
Spicy Treat,21734,1378
Royal Chow,25653,1379
Bandana Chat Centre,23521,1380
Food Stop,23892,1381
Capsicum Fast Food Centre,23833,1382
Biryani Box,18338092,1383
Moghal Empire,22507,1384
The Arab Knights,18281727,1385
Hungry Monk,18307073,1386
Slice Of Heaven,18017607,1387
Ghosh Brothers,25454,1388
Sharma Sweets & Snacks,23194,1389
Have More,18368656,1390
Panna Sweets,18259432,1391
Kim Lawn,20292,1392
Sukno Lanka,18166897,1393
The Green View Club,18198651,1394
Roll Onn,18219199,1395
Chinese Cafe,25206,1396
Papilli,18325237,1397
Ambrosia Restaurant,24488,1398
Sankar's Fry,18107874,1399
Chaplin Chinese Restaurant,22463,1400
Mystic Yoga Cafe,24805,1401
Baboorchi,24637,1402
Kaos,18368681,1403
Paramparaa,21586,1404
Amriti,24851,1405
Not Just Dosas,22817,1406
Seedz Beanz N Aroma,24692,1407
Chaat Bazaar,22812,1408
Sector 5 Restro,18143255,1409
Nasta,24419,1410
Goli Vada Pav,17945184,1411
Treats,23897,1412
The Bakery - Hyatt Regency,21614,1413
Foodiepedia,18368654,1414
Prity's Kitchen,21821,1415
Sharma Brothers,23397,1416
Opt In,18213973,1417
New Flavours,25229,1418
Grill Mates,24439,1419
Al Afsha,18361664,1420
Kocoa Mania,25535,1421
The Saffron,24698,1422
Machhranga,22857,1423
DUM,17983790,1424
Old China,25390,1425
Raj Veggie Point,20783,1426
Signaturre By The Sugarr & Spice,18143231,1427
Swirl - The Gateway Hotel,23809,1428
Sodepur Inn,18143234,1429
The Gourmet Club,25557,1430
Blues,20917,1431
Chopstick,24684,1432
The Casserole,25701,1433
Swadhin Bharat Hindu Hotel,23976,1434
Stun The Sun,18162692,1435
Biryani House,21174,1436
V3,22430,1437
Mehak-e-Punjab,21993,1438
Shibuji,22802,1439
Anandamayee Sweets,23960,1440
Kung Pao,18354576,1441
The Howrah Bridge,25693,1442
Raksahb,22068,1443
The Orient - Ffort Raichak,22752,1444
Ajanta,24553,1445
Hotel Ubique,24381,1446
Shibani Sweets,18198668,1447
Aahar Restaurant,22098,1448
Raj Darbar,22231,1449
Crest - Hotel Crestwood,24507,1450
Bangasree Misthana Bhandar,18166937,1451
Cheers,25526,1452
Sree Krishna Sweets,24549,1453
Fyoom,18270225,1454
Iinferno Lounge Bar - Park Prime,21860,1455
Aroma,22127,1456
Hope Cafe,23699,1457
Garden Cafe Takeaway,21968,1458
Mithai,22965,1459
As U Like It,17983794,1460
Kamal's Veg Restaurant,20670,1461
Street Cafe,24033,1462
Aryan Restaurant & Caterer,18259426,1463
The Four Leaves,21160,1464
Chocoholics,18391595,1465
Jugal's,24983,1466
Banjara,23154,1467
La Dolce Vita,20860,1468
New Rangeela Dhaba,21486,1469
Wokching,18259425,1470
Blossom,25732,1471
Hangla's,24373,1472
Comesum,24979,1473
Stop Over,22110,1474
Orchid Hotel & Restaurant,24196,1475
Buns N Chicken,24000,1476
Nawazee,18414402,1477
Kandy Crush Reloaded,18377101,1478
New Saurashtra Nimki House,23049,1479
Subal's,21989,1480
Mum's Kitchen,24903,1481
Wild West Tavern,18354574,1482
Green Cafe,18198689,1483
Laltu's Golbari,23922,1484
The Bar - Hyatt Regency,20943,1485
Gupta's,24291,1486
Zucker Amor,24443,1487
Dash of This Dash of That,20876,1488
Renuka Snacks,22614,1489
Tufaani Biryani,24416,1490
North Star Restaurant & Bar,21434,1491
Jalajoga,18360309,1492
Fillers,20779,1493
The Rooftop Dhaba,18386440,1494
Evergreen,22161,1495
Baked & Fried,18198657,1496
Red Costa,24202,1497
Chennai Xpress,18270257,1498
Cook My Wish,18259466,1499
Makhan Lal Das & Sons,23326,1500
The Juice Bar,22815,1501
K. C. Das Grandson,22409,1502
Rupa Restaurant,22448,1503
New Bhukhara,20694,1504
Snow Balls,22063,1505
Khaza Biryani House,22532,1506
Kasan - The Flavours Of India,20283,1507
Punjabi Food Junction,18386974,1508
Sweta's Bake,25643,1509
Dan Din's,23750,1510
Zaika,22017,1511
Hidden Dragon,25529,1512
HNS Food Corner,22603,1513
Tangra Kaizen,20522,1514
Homemade Delights,18213978,1515
Fantastic Food Story,18361668,1516
Ovenfresh - Kenilworth Hotels,21544,1517
Chaos,18343767,1518
Krish's,21848,1519
Canton Too,21492,1520
Subho Chinese Hut,22582,1521
Dhaka Biriyani House,18213956,1522
Dwarik Grandsons,22955,1523
Raya Bar & Lounge By Pipal Tree,23588,1524
ACS Chinese Flavour,21179,1525
Yum Tum,23963,1526
Maa Trinayani Restaurant,18213969,1527
The Oriental Express- HHI,24464,1528
Hi Hat Restaurant,20246,1529
Dicky's Restaurant,22013,1530
Tutu's Hut,21748,1531
Juices & More,24417,1532
Hedua Chat,24674,1533
Red Carpet,25575,1534
Fumee - The Adda Hub,18326430,1535
High Street Bar - Hotel Celesta,25688,1536
Lazzat,20655,1537
Bonn Tonn Bakery,18134919,1538
Open Oven,20615,1539
Sapphire Restaurant,20794,1540
Chhappan Bhog,24961,1541
The Shack,25386,1542
Momo Hut,18070806,1543
Cafe Valley,23159,1544
Simply Corn,22478,1545
The Bake Lab,18431477,1546
Tarang Take Away,18224036,1547
Pleasure Hut,23308,1548
Radhuni Restaurant,20793,1549
New Little Chef,21250,1550
Bestaste Momo,18143240,1551
Zion Lounge,23451,1552
Sip N Bites,22767,1553
Haze,25614,1554
Kohinoor Restaurant,21077,1555
In Good Taste by Craft Factory,24300,1556
Haji Ali,24029,1557
Veg Adda,24499,1558
Chipootli,25527,1559
Baishakhi,25489,1560
The Anchorage Bar - The Floatel Hotel,21305,1561
Manthan Restaurant,22037,1562
Jadab Chandra Das,22083,1563
Santosh Sweets,24746,1564
Silver Chimney,22831,1565
Foodistan,18166932,1566
Tasty Restaurant,22889,1567
Drishti,22970,1568
Limelight Restaurant & Bar,22052,1569
The Biryani Hut & Restaurant,24209,1570
Veg Dhaba,25471,1571
Kamala Sweets,24510,1572
Khichdi Khichri,18287250,1573
Panchabanjon,24413,1574
New Paul Dhaba,18377094,1575
Hindusthan Sweets,18198656,1576
Jai Jawan Stall,24940,1577
Dragon Shack,18308123,1578
Friends and Fries,25440,1579
Parama Roll Corner,24167,1580
Sen Mahasaya,24535,1581
Apu's Kitchen,24140,1582
Silver Spoon Club,24211,1583
Kim Ling,20709,1584
Yule Tea Lounge,18270221,1585
Silver Moon,24516,1586
Loon Fung,18386805,1587
Sethi Hotel,21670,1588
Lunch Stopper,23918,1589
Raj Darbar,22730,1590
Drive In Snacks Bar,22500,1591
Dhaka Sahi Biryani House,21940,1592
Prince Restaurant,20412,1593
New Mayur,21847,1594
Raj Hotel & Restaurant,23870,1595
Ashoka Bar & Restaurant,23195,1596
Ashirbad,20029,1597
Dhaka Biryani House,22567,1598
The Little Cake Palace,24853,1599
M/S Samrat Restaurant,23132,1600
Sharma Sweets,24719,1601
Ajooba Biryani Junction,18125591,1602
Vaango,18398868,1603
Aqua Java Zasu,18281717,1604
Cozy Nook,20685,1605
The Creations,25044,1606
New Punjabi Hindu Hotel,25475,1607
Ghare Baire,18244432,1608
A1 Haji Fast Food Centre,25040,1609
Mobina's Kitchen,18214522,1610
Bedwin,20611,1611
Foodiex,22486,1612
Deli - The Gateway Hotel,25613,1613
Babumoshai Restaurant,18377073,1614
Sheesh Mahal,20810,1615
Baked Fresh,24246,1616
More Gossip,23829,1617
Hooked on Pasta,22813,1618
Spencer Patisserie,18265431,1619
Nik's The Momolicious,23174,1620
Hunk Hurry,25601,1621
Flavour's,25530,1622
Aalamir,21674,1623
Nivedan,22861,1624
Public Fast Food Centre,22883,1625
Garden Cafe,23316,1626
Royal Chef,18259474,1627
Rath,21416,1628
Bijoli Grill,24364,1629
La Donna,22483,1630
Food Carnival,22892,1631
Surendra Sweets,24717,1632
Energy,24723,1633
Tripatimahal,23135,1634
Icy Fusion,18311127,1635
Annapurna,22051,1636
The Park Terrace Restaurant,18376123,1637
Rajasthan Guest House,22611,1638
Blossom Food Plaza,22705,1639
Buddha Smile,18414398,1640
Liqua  - Rooftop Poolside Bar,18354612,1641
Dahuk,21404,1642
Annapurna Hotel,17983778,1643
Goli Vada Pav,18166903,1644
Crossroads - Grilled  Baked Fried & More,18368666,1645
Bawarchi Fast Food Centre,22525,1646
Satyanarayan Restaurant,22602,1647
Gateway,22121,1648
Krishna Juice Centre,25547,1649
Anuradha Cafe,22170,1650
Qzin,18390881,1651
Street Cafe,23289,1652
Threesixtythree - The Oberoi Grand,18431471,1653
Panch Bhog,22766,1654
Adda Cafe,25179,1655
Poter  Bibi,24324,1656
Rasoi,18237091,1657
Hindusthan Sweets,24100,1658
Shree Shree Hari Mistanna Bhandar,24251,1659
Badsha,21162,1660
Noodles Kitchen,25645,1661
Brewin - Park Plaza,22659,1662
Bhikharam Chandmal & Grandsons,18287751,1663
A-1 Taj Biryani House,24448,1664
K.C. Das,25115,1665
Pulpy Grape Juice,24962,1666
Zero Miles,21703,1667
Mouth Melto,18281718,1668
Chernamrit,18388271,1669
Rooster Delights,24845,1670
Marwar,20775,1671
Dakshin,18235364,1672
Saima Restaurant,24933,1673
Panchphoron,23245,1674
New Basanta Cabin,22401,1675
Amriti Sweets,18259451,1676
Sitaram's,22684,1677
Bangasree Restaurant,20721,1678
Venezia - Hotel O2 VIP,22469,1679
New Haji Saheb,22797,1680
La: Zabab,25487,1681
Sagar Bar & Restaurant,21714,1682
A 1 Haji Fast Food,23158,1683
Haju's Darbar,20648,1684
Jolly Jecker,23635,1685
Little China,20320,1686
New Step Inn,20708,1687
Thali - Only Alibaba,18281743,1688
Tulip Inn Bar Cum Restaurant,22721,1689
Plate-De-Poultry,18237043,1690
Pizzeria House,18386803,1691
Station Cafe,24570,1692
Toshan Food Court,25694,1693
Why So Serious,18287271,1694
Cafe Oxy,22673,1695
Pabitra Restaurant,20768,1696
New Mirch Masala,21124,1697
Annapurna Sweets,18237051,1698
Chocolic,25127,1699
DEF,18134890,1700
Gangaur Sweets,24938,1701
New La Zawab,23225,1702
Haji Saheba,18249862,1703
Amrit,24174,1704
Meezaan,18162670,1705
Rimpa Restaurant,25662,1706
Dakshinayan Restaurant,22216,1707
Juicy,18162685,1708
Tawa,23664,1709
Duke Bar & Restaurant,20926,1710
Dynasty Restaurant,21388,1711
Coco Hugs,23643,1712
Popular,24367,1713
Green Chilli Restaurant,21828,1714
Cookie Man,18278308,1715
Ujan's Food Zone,24730,1716
Best of Gupta's,21165,1717
Haldiram's Prabhuji,25163,1718
Koko's Food Joint,21741,1719
Tojo's,23425,1720
Green Valley,22792,1721
Aaha Momo,18354333,1722
Haldiram's Prabhuji,25081,1723
Gayen's,22124,1724
New Punjabi Hotel & Restaurant,20625,1725
New Arafat Restaurant & Caterer,21074,1726
Prochesta,21883,1727
Laziz,22210,1728
Simply Corn,22890,1729
Deshbandhu Mistanna Bhandar,23771,1730
South n North,22368,1731
Madhumita Restaurant,21882,1732
The Gold Rush,18339971,1733
Bowlers' Den,18275948,1734
Food Castle,21445,1735
Tumi Asbey Bole,21944,1736
Cake Mania,18270234,1737
The Zayka,22918,1738
Saptarshi,21150,1739
Pizza Kolkata,24697,1740
Starlit Garden Bar,21785,1741
The Belgian Bakery,18166921,1742
Kapila Ashram,24301,1743
Narendra Mistanna Bhandar,23133,1744
Classic,21479,1745
Putiram Sweets,22926,1746
Vivekananda Cabin,20722,1747
Punjab Hindu Hotel,22366,1748
Hakka Wok,25689,1749
Hangla's,25510,1750
Guest Snack Bar,22888,1751
Swad Restaurant,24295,1752
Star Vada Pav,24559,1753
Black Candy,23869,1754
Indulgence,18143273,1755
Mehak-e-Punjab,18296320,1756
Food Villa,24601,1757
Soya,23882,1758
Annu's Restaurant & Bar,18259475,1759
Sudipar Rannaghor,18361679,1760
Chicken King,23491,1761
The Little Place,21315,1762
Neelachal,22354,1763
Disha Bar & Resturent,18198677,1764
Pepper Chino,18398877,1765
Bengal Pizza Service,18143237,1766
Open Sesame,20384,1767
Baharat,23563,1768
Aami Bangali,18354600,1769
Cafe Splash,24016,1770
Gossip,23309,1771
Super Pub,22539,1772
Shree Laxmi Mistanna Bhandar,22910,1773
Legacy of China,18134885,1774
Suruchi,20769,1775
The Induction,18413748,1776
Hind Tiffin Restaurant,23578,1777
Short and Sweet,18270253,1778
Mistimukh,18166930,1779
Afreen Biryani House,18259657,1780
Mayer Cabin,22864,1781
Aahar Fast Food Centre,22438,1782
Hong Kong Chinese Restaurant,22158,1783
Calcutta Retro,18354570,1784
Haryana Sweets,18265447,1785
Amarjit Hotel & Restaurant,23203,1786
Petuk Mosai,23388,1787
Flavour Fever,18343751,1788
Kulfiano,18335908,1789
Madras Restaurant,18368644,1790
Sumi's Kitchen,22003,1791
Dolphin,21417,1792
I CAN FLY,18224063,1793
Quarter Plate,25733,1794
Buddhaa Lounge,18343768,1795
FoodPost,18414424,1796
Brownie Bites Eggless,25396,1797
Raj Confectioners,23094,1798
Crazy Bite,22410,1799
India Coffee House,18368687,1800
Bindas,18134907,1801
Salt N Spice,18265442,1802
Jaiswal Tasty Corner,23682,1803
Vaiya's,22716,1804
Vanakkam,24694,1805
Kichukhhon,22672,1806
Sizzling Sizzler,25524,1807
Bell Peppers,24944,1808
Delhi Darbar,23967,1809
Urban Rasoi,18249161,1810
Lords Restaurant,17983793,1811
Opar Bangla Eparei,24582,1812
Countryside Restro Bar,18431445,1813
Panda Juction,18281724,1814
Hamro Momo,18296340,1815
Snack Street Cafe,18431469,1816
The Batter Box,18311126,1817
Fluid - The Big Boss,21949,1818
Tripti,22729,1819
11 to 11 Tastebusterzz,18420522,1820
The Turn Table,18143233,1821
Sizzling Sizzler,18259454,1822
Bang Bang Cafe and Lounge,18287252,1823
Chaat Chator,22488,1824
Platter Barsana,22588,1825
Gaylords Restaurant,21606,1826
Aahar Restaurant,18213988,1827
Chef Mao,18325265,1828
Tangerine,21733,1829
Parul Fast Food,24007,1830
Blue Nile Lounge,18354591,1831
Cocopie,25416,1832
Penguin Food Centre,18143277,1833
Bake Flake,25520,1834
Five Point Cafe,18393918,1835
Gelato Italiano,24308,1836
Zunger,23604,1837
Bahula,18337428,1838
Neil's Kitchen,18162662,1839
Shakes & Sandwich,23175,1840
Sip N Lick,23279,1841
Bronze,22658,1842
Kabuliwala,18452219,1843
Sharma Tea,18287232,1844
Cafe Organica,24080,1845
Imperial Bakers & Confectioners,24592,1846
Moni Da's Food Cafe,18260589,1847
Blaquiere's,25583,1848
Nebula Restaurant,21697,1849
Punjab Hindu Hotel,20414,1850
Golden Harvest,18287239,1851
The Quince,18166929,1852
Skyline - Regenta Orko'ss Hotel,25665,1853
Kum Kum Fast Food Centre,22364,1854
Triasha Fast Food,22919,1855
Bapi Hotel & Restaurant,22835,1856
The Mosala Club,20746,1857
Diamond Hotel and Restaurant,20807,1858
Saima Restaurant,25586,1859
Krishna Vilas,21438,1860
Aahar Restaurant,18213998,1861
Thanda Garam,22899,1862
Liquid Bar,22250,1863
Bijoli Grill Foods Corner,25559,1864
Hindustan Bar And Restaurant,20880,1865
Dhaba 365,24832,1866
Pan Asia,22543,1867
Dey's Inn,25548,1868
Mushq World,25098,1869
Gourmet Rasoi,18420494,1870
Hungry Tide,18377105,1871
Chilli Pepper,21066,1872
Om Sai Khazana,21706,1873
Dhaba@khalsa,23920,1874
Metro Icecream,24974,1875
Food Fusion,24594,1876
Konica Restaurant,23103,1877
Dawat Restaurant,20778,1878
Tasty Bites,18017649,1879
Standby,18296328,1880
Food King,21177,1881
Dunlop Coffee House,23208,1882
Sagar & Veg Kitchen,23130,1883
Jack & Chill,18354603,1884
Hot Spot,20902,1885
Society Biryani,22641,1886
Deshbandhu Mistanna Bhandar,23769,1887
Aryan's Pav Bhaji,23164,1888
Royal Spoon,24294,1889
Mimi's Kitchen,21290,1890
Gupta Brothers,25143,1891
All-Fresco,25385,1892
The Food Storey,18368668,1893
Hazelnut Exotic Bakes,18398376,1894
Titos Bar & Restaurant,21585,1895
1st Floor Restaurant,22397,1896
Dhakai Biryani House,25490,1897
Chai - Vedic Village Spa Resort,21619,1898
Apna Dhaba,18390916,1899
Yin Yang,18343770,1900
Clay Oven,22048,1901
Mrityunjay Ghosh & Sons,24192,1902
The Corner Canop??e,18224072,1903
Lazeez Mediterranean Grill,18208981,1904
Treat Vadilal Scoop Shop,18393858,1905
Mahua,24073,1906
O Zone Restaurant & Bar,22243,1907
Yes! Momo,18249177,1908
Cafe Fancy,22727,1909
Chat Chaupati,18398891,1910
Desi Kitchen,17983761,1911
La Shivaaz - Hotel Shivam,23626,1912
The Lalit Great Eastern Bakery,18398854,1913
GRAB & GO,24866,1914
NamKing,25085,1915
Tiffin Room,23928,1916
Shree Krishna Mistanna Bhandar,25447,1917
Highway Rainbow,18213995,1918
Aakash Caterer,23436,1919
Raj's Multicuisine Restaurant,18398850,1920
NPG Hotel & Restaurant,25616,1921
Mancherji's,24685,1922
Night Queen's,22038,1923
Bhojan,18259468,1924
Mukharuchi Restaurant,24867,1925
@49,18361665,1926
Curry Patta,25528,1927
Icy Fusion,18296359,1928
Spices & Sauces,18420479,1929
Stun the Sun,24765,1930
Pe_2 Panda,18450783,1931
Hotel Rani,22097,1932
Joy Baba Lokenath Snacks,21058,1933
A1 Haji Fast Food Centre,25642,1934
Tasty,21744,1935
Bake O Cake,18386789,1936
Sailendra Sweets,25734,1937
Hidden Dragon,18259458,1938
Bogglingames,18377431,1939
Shiv Assram,18265454,1940
The Tiffin Box,18259457,1941
Red Hot Box,17983775,1942
Platter,24321,1943
Dhaka Biriyani House & Restaurant,22123,1944
Airport City Hotel,25606,1945
Merico,18311133,1946
Hang Sang,25749,1947
Kathi Junction,18361654,1948
Diet-Did I Eat That!,25577,1949
Naba Krishna Guin,22935,1950
Chill Pill,18265434,1951
Cafe Corner,21297,1952
Amritsari Dhaba,18270255,1953
Cafe Ekante Eco Park Jetty,18311151,1954
Dakshin,18296354,1955
In & Out Dhaba,22707,1956
Lucknow,24993,1957
New Behala Fast Food Centre,22527,1958
Kolapata,18325131,1959
K. C. Das,23265,1960
Kasturi,22481,1961
Gurudev Restaurant,18017624,1962
Lucky Cafeteria,18249150,1963
The Courtyard - Ffort Raichak,22783,1964
Down South,22248,1965
Neha's Baked With Love,18143267,1966
Oasis Restaurant,21642,1967
Qube - Hotel The Sojourn,23466,1968
Sabita Restaurant,22790,1969
ATS Arun Dhaba,22746,1970
Boniface Restaurant,24980,1971
Humpty Dumpty,20801,1972
China Gate,21418,1973
Mahal Restaurant,24691,1974
The Times Of Tandoor,18285055,1975
Noodle King,25228,1976
Mahaprabhu Mistanna Bhandar,25140,1977
The Fat Monk,18398883,1978
Kaligodam,23530,1979
Food Valley,21392,1980
State of Bengal,22821,1981
Krishna Juice Centre,24517,1982
Noodles Kitchen,18296339,1983
Khadyarashik,18377084,1984
Juicy Fresh,24014,1985
Sugarlace,18217468,1986
Juan In a Million,18325267,1987
Dhiren Cabin,18198667,1988
Darjeeling Momo Junction,22554,1989
Moon Star Restaurant,23411,1990
Akash Kitchen,18087969,1991
Desher Khabar,24223,1992
New Chowringee Cabin,23178,1993
Tiffin,18377103,1994
Hakka Village Chinese Restaurant,24897,1995
Tuk Tak,18166907,1996
Lee Garden,22609,1997
Jalajoga Mishti,24701,1998
Coffee World,18134887,1999
Amriti Sweets,18281739,2000
Mini Restaurant,22886,2001
Manmohan Sweets,25014,2002
Yummies,24671,2003
Peiking Chinese Restaurant,22903,2004
Nicole's,18377074,2005
Ananda Hotel & Restaurant,17983804,2006
Kandy Crush,18311156,2007
Hungerpangs,18323595,2008
Arun Tea Stall,25764,2009
Sri Hari Sweets,22932,2010
Royal Nawaab,18354573,2011
Shree Ram Dhaba,23513,2012
Adil Biryani Centre,22833,2013
Vinayak's,23762,2014
Grill 'n' Chill,18325241,2015
Royal Height,18386825,2016
Tiny Bite,18396940,2017
Little China,24599,2018
Olive Inn,21398,2019
Menoka Cabin,23008,2020
Ecothali,18398857,2021
California Bar Cum Restaurant,25442,2022
Gujrati Zayka,25760,2023
Orchid Barbeque,18217441,2024
Spice Of Joy,18249140,2025
The Chocolate Room,18249153,2026
Hot Wings,23128,2027
CFC,18259456,2028
Kalicharan Das,22433,2029
Paul's,23148,2030
Green Chilly,23505,2031
Chowrasia Chaats,17983806,2032
Baked Fresh,24910,2033
Om Restaurant,20671,2034
Haji's Kitchen,23857,2035
Bite All Nite,18431454,2036
Thrillophilia,18325284,2037
China Zone,22444,2038
Sampa Snacks,24250,2039
Master Chef,23782,2040
Loaf Espresso,18386809,2041
New Kalika,25421,2042
Taj Restaurant And Caterer,22040,2043
Hyderabadi Biriyani,25468,2044
Food Court Chinese Restaurant,25194,2045
Chocodiction India,18354604,2046
Punjab National Hindu Hotel,22872,2047
Flamez,24113,2048
Pabrai's Fresh and Naturelle Ice Cream,18287254,2049
Sugarworks - The Sonnet,18296319,2050
Zero Degree,24864,2051
Maharaja,23285,2052
TIRETTI by TAK HENG,18420473,2053
Veggie Delights,18296361,2054
Taj Biryani,24815,2055
Sugar Shack,18143248,2056
Brar's Punjabi Hotel,22466,2057
Pete Hunger,24911,2058
Big Boss,23385,2059
Haji Shaheb,24263,2060
Social Kitchen - Holiday Inn,18440204,2061
Choco Fantasy,18386815,2062
Monsoon Hut,21156,2063
Sri Darshani,23473,2064
Royal Food Express,25743,2065
Tilottama,18249182,2066
Kung Pao,18287251,2067
Rollick Ice Cream,21710,2068
Sonali Chinese Restaurant,18146296,2069
Fluffy Treats,18017640,2070
Sand Rock Cafe Lounge,25717,2071
The Biryani Company,18325287,2072
Shankar Cabin,18217457,2073
Rajasthan Bhojnalaya,23677,2074
Coffee World,23985,2075
Tripti Snacks Corner,22209,2076
Zodiac - Fortune Park Panchwati,21622,2077
Nepal Chandra Halwai,23671,2078
Hotel Downtown,21747,2079
Golden Fast Food,23427,2080
9 Players,18296365,2081
Sital Ashram,25757,2082
Anish Fast Food,24424,2083
Restaurant62,21121,2084
Maa Annapurna,25165,2085
Krishna Bhog,22771,2086
Adam's Kabab Shop,18238594,2087
Swiss Bake,18325268,2088
Flavours,23162,2089
Haji Fast Food,23783,2090
Ramkrishayan Sweets,23123,2091
Jack & Chill,18354615,2092
Gangotri Sweets,22725,2093
Branches - Hotel O2 Oxygen,22467,2094
Samrat Fast Food Centre,18249158,2095
Simply Corn,25017,2096
Ma Kali Mistanna Bhander,18354580,2097
Above N Beyond,18134910,2098
Tripti Inn,24656,2099
Jalshaghar,21427,2100
Hungry Hut,24630,2101
Khana Khazana,20703,2102
The Spice Tree,25549,2103
Hot Pak,23600,2104
Sweet Obsessions,25082,2105
Adi Sree Hari Mistanna Bhandar,24591,2106
Tarang,22509,2107
Basanti Sweets,18345806,2108
Delicious Taverna,18198698,2109
Cakes And More,24898,2110
Green Chilli,24023,2111
Rabindra Jalpan,22873,2112
Subodh Chandra Mullick,22435,2113
Caffeine - Hotel O2 VIP,22468,2114
Alaina Foodies,24427,2115
New Mirch Masala,22773,2116
Chinese Wall,21984,2117
Sugarspoons,18128531,2118
No Junktion,18343758,2119
Bestaste Momo,18143242,2120
Tin Tin,21291,2121
Pavitra Jalpan,23984,2122
Hott Spot,21754,2123
Indo China,24959,2124
Pabrai's Fresh and Naturelle Ice Cream,18398885,2125
Whip It Up!,18355418,2126
Bangaleeana,18325254,2127
Jelly Belly,18343299,2128
PetPujo,18377148,2129
Gelato Vinto,18398899,2130
Destination,24310,2131
The Olive's,18296330,2132
Ramkrishna Sweets,25172,2133
The North Cafe,18386799,2134
The Princess,22545,2135
Momo Food Club,21450,2136
Young Bengal Hotel,23684,2137
Purbani Restaurant,22604,2138
Thek,18331280,2139
Hakkasan,18411976,2140
Motel Midway,22789,2141
Sanjib Hotel & Restaurant,22480,2142
VIP Sweets Grandsons,24119,2143
Gangotri Sweets & Snacks,22963,2144
Tea Lounge - The Peerless Inn,21583,2145
Jayashree,23518,2146
KA's,23765,2147
Foodie's Delight,25198,2148
Sunayena Eating House,24494,2149
Cuppy Cake,18343747,2150
The Roll Shop,24966,2151
Satyanarayan Misthana Bhandhar,24768,2152
Dream Bar & Restaurant,23348,2153
Gupta's Pav Bhaji,23497,2154
Jashoda Mistanna Bhandar,24782,2155
Chicken @ Mirch Masala,18386795,2156
Shree  Hari Mistanna Bhandar,23187,2157
Shivam,24714,2158
Ar-Han-Thai,20022,2159
Classic Fast Food Centre,24415,2160
Fusion Cafe & Restro,18296342,2161
Zunger,18134883,2162
Pasticceria,17983802,2163
Subham Food Corner,25555,2164
Ishan's Caf?? and More,18281714,2165
Panchali,21122,2166
Terrace Tandoor - Hotel Thames International,23599,2167
Sarat Sweets,22929,2168
Vien,23192,2169
Vesper Restaurant,22743,2170
Xpert Shahi Biryani,23207,2171
Sunita's Bakery,18452222,2172
Green Chilly,25523,2173
Spice Garden,20495,2174
Nalban Food Park- Bar & Restaurant,18325277,2175
Seven Heaven,20458,2176
NI9 Spice,18452221,2177
The Library- De Sovrani,22934,2178
Sante - Novotel,24839,2179
Tandoor Nawabi,18398873,2180
Shree Krishna Mistanna Bhandar,18277612,2181
Desi Express,21132,2182
Bono Phool,21319,2183
Super Haji Biryani,22104,2184
Nawab Sahab,18224060,2185
Anandamayee Sweets,18332684,2186
Vishal Pastry,25204,2187
Angithi,23345,2188
Night Queen,20816,2189
Shingaraaz,18281722,2190
Ganache Panache,25230,2191
Roll N Tandoor,23993,2192
Chiku's Kitchen,24179,2193
Tutur Kitchen,22228,2194
Pepsi Snacks Bar,23739,2195
Dover Snacks,23189,2196
Snacks & More,18143253,2197
H??agen-Dazs,18436768,2198
E Kitchen by Urban Feast,18420395,2199
Ishee'z Kitchen,18431452,2200
Deck 88,18431481,2201
Au Bon Pain,18134912,2202
Parashuram Restaurant,21454,2203
DB's Kitchen,18265466,2204
The Love of Baking,25130,2205
Fern Restaurant,25469,2206
Cakes N Bakes,18217455,2207
Bamboo Stick,25233,2208
Kanha,22850,2209
Bindass Food Plaza,22908,2210
D'rice Wine,18259434,2211
Shivam Dhaba,22219,2212
Abby's Kitchen,18281754,2213
Sutripti Sweets,23201,2214
Chinese Pandit,18361653,2215
Benjamin Bangalee,18420484,2216
Niranjan Sweets,25730,2217
New Punjabi Hotel,18325245,2218
Guru's Multicuisine Restaurant,23087,2219
N2ICREAM,18453574,2220
Food Streat,18134920,2221
Ice Queen Parlour,18354609,2222
Dhansiri,23117,2223
Surma,22099,2224
Twinkle,21320,2225
Yo Yo Momo,18249169,2226
Gotta Get Enerzy,22898,2227
Her Majesty's Pattiserie,24653,2228
Just Chinese,18343740,2229
Tutu's Fast Food,22620,2230
Coromandel Express,18325264,2231
Dish Of,22513,2232
Tanu's Kitchen - Food Point,18016894,2233
Gokul,18017606,2234
Cocoa,25118,2235
Sweet Corn,21228,2236
Tibetan Delight,23131,2237
Dana Pani,18237079,2238
Banzara,23872,2239
Sharma Sweets,25011,2240
Dhaka Biryani House,18162680,2241
Annaras,23398,2242
B.M. Fast Food,24107,2243
Tava,21994,2244
Fish Bar,18162669,2245
Muskan Juice Centre,22856,2246
Sip & Sandwich,18386348,2247
Fusion,24776,2248
Gokul Shree,24329,2249
Punjabi Adda,24870,2250
Ketuz,25655,2251
Calcutta Cafe,21227,2252
Jaswal Dhaba,18440218,2253
The Urban Spoon,24162,2254
Baba Fast Food,23441,2255
Shampa's Kitchen,18420472,2256
Super Fried Chicken Restaurant,20506,2257
Adi's Kitchen,18350794,2258
Batai Mistanna Bhandar,23982,2259
Little Mughal,18433305,2260
Revv Up! @ Priya,18287437,2261
Speedy,18296350,2262
Silver Chimney,20757,2263
King Khan,21753,2264
Tanjore,24450,2265
Raj Biryani,23484,2266
New Shimla Biryani,22544,2267
Panchu Babu Fast Food,23566,2268
Green Chilly,22803,2269
Hotel Shivam Restaurant & Bar - Hotel Shivam,21334,2270
Ghosh Sweets,24108,2271
Om Shree Hari,22242,2272
Mughal Garden Restaurant,24992,2273
Shingha Bahini Mistanna Bhandar,22912,2274
Papa Chow,18386779,2275
Saiji Confectionary,22960,2276
Monalisha Restaurant,22837,2277
Esplanade Bar & Restaurant,21755,2278
Cafe Ekante Open Air,18311147,2279
New College Sweets,22921,2280
Zaitoon,25666,2281
Rollick,18414392,2282
Velvetiine,18420519,2283
SBFC Food Funda,18311136,2284
Sheerazi,24249,2285
Zaikaa,23372,2286
Cafe 'O',18296348,2287
Street Cafe,25537,2288
Sana Fast Food,24078,2289
New Royal Biryani,23972,2290
Upper Cakes,24972,2291
Kalash Sweets,22605,2292
HitWicket,18420390,2293
TG by Tanvi Ghai,24905,2294
Aahar,23502,2295
Petuk,18304542,2296
Bake Free,25225,2297
Cakes N Beyond,17983808,2298
Cocoa Bean,25581,2299
Laxminarayan Mistanna Bhandar,24072,2300
Gouri's Kitchen,22732,2301
Mosala Club,18166919,2302
Gujrat Nimki House,24718,2303
Pakawan Restaurant,22225,2304
Smart Food Cafe,18253948,2305
Mavin,18265452,2306
Jabbrr Afghani,18398865,2307
Bon Ami,18221909,2308
Swadisht Aahar,18440224,2309
Yum Tum,24991,2310
Maya's,24076,2311
Spice Garden,22028,2312
Veggie Corner,18143247,2313
Khao Piyo,22043,2314
Marlin Restaurant cum Bar,23444,2315
Chopsticks,18166902,2316
0 Degree,18382915,2317
A Step Up,21490,2318
Aami Bangali,18386787,2319
Royal City Hotel,22731,2320
Shawarma Kings,18415465,2321
Jadab Chandra Das,22923,2322
Turmeric,24571,2323
La Oriental Resto Bar,21951,2324
New Shahi Cuisine,24181,2325
Sital's,24114,2326
Nisha's Bakery,18249187,2327
Sengupta's,23571,2328
Arman Biriyani,23780,2329
Shahi,18265432,2330
Ria Fast Food,21120,2331
Aafreen Restaurant,21537,2332
Veg Dhaba,18224034,2333
Food.Com,20662,2334
The Fat Panda,18395957,2335
Swastik Bar,21155,2336
Baba Ka Dhaba,18431491,2337
Radha Shyam Sweets,25686,2338
Janata Hotel and Restaurant,20650,2339
Chillz Live Ice Cream,18451105,2340
Zoya Biriyani,25213,2341
Manthan Chinese,23807,2342
Jabbrr Afghani,18217439,2343
Yummy Kitchen,18323213,2344
The Brewmaster,18420490,2345
Nikunj,18420521,2346
Baked & Fried,18213974,2347
Bakuli Brothers,25452,2348
Sam's Donut Hut,18287726,2349
Chat Hut,18420488,2350
The Royal Kitchen,18250389,2351
Tawa,21047,2352
Santa's Fantasea,18420498,2353
Appayan,23531,2354
Habhate,18420509,2355
The Kasturi,23381,2356
Mode 9,18381699,2357
Vandana,18296332,2358
Trincas Big Bite,24958,2359
ChowHow,18017652,2360
Gupta Roll Centre,22131,2361
Bhikharam Chandmal & Grandsons,21837,2362
One Stop - Hotel The Sojourn,24054,2363
Fast Bite,22245,2364
New Mission Dhaba,22710,2365
Nani Lal Ghosh,18204094,2366
Steamos,24877,2367
Nirmala Snacks,21268,2368
New Chanchala,17983766,2369
The Courtyard,24919,2370
Snacks Corner,18440247,2371
Just Sandwich,18017613,2372
Cafe Heritage,18386821,2373
Cafe Coffee O Kobita,18420477,2374
Zero Miles,23299,2375
Krishna Bhog,24157,2376
Adhya's Gourmet,18270263,2377
Haldiram & Sons Bhujiawala,23541,2378
Joy of Baking,25086,2379
One Minute Snacks,22041,2380
JW Lounge - JW Marriott,18420370,2381
Momodo,18398896,2382
Mughal Biryani,24173,2383
Devdas Bar & Restaurant,23527,2384
New Jal Khabar,23044,2385
Royal Sweets,24728,2386
Punjabi Dhaba,23996,2387
Khana Khazana,25161,2388
Spice @ Adda,18355597,2389
Henglu,25739,2390
Limelight Restaurant,22504,2391
New Gupta Mukhoruchi Roll Centre,23483,2392
Bikaner Bhujiawala,24734,2393
Lokenath Restaurant,24149,2394
Deshbandhu Mistanna Bhandar,23772,2395
Rannawala,18224032,2396
Russel Point,22961,2397
Rock & Roll,25186,2398
Laxmi Sweets,23968,2399
Aaha Momo,18361637,2400
Sonar Sansar,18143256,2401
Cakes,18435840,2402
…??…??…??(Mach) N More,18398852,2403
Haji Biriyani,25497,2404
Tukai Idly Dosa,25741,2405
Cecil Bar & Restaurant,22530,2406
The Cake Boutique,23489,2407
Sri Gopal's Misthanna Bhandar,25493,2408
Lord Fast Food Center,25196,2409
Steaming Mug,18388058,2410
Aahar Hotel & Restaurant,22240,2411
Big Fat Shawarma,18398859,2412
Nh2 Food Junction,18309458,2413
Mahaprabhu Mistanna Bhander,25023,2414
Behala Cafe,18361630,2415
Kafe Shot,24890,2416
Bhikharam Chandmal,24469,2417
Footlose - Ffort Raichak,22784,2418
Bhel Junction,24804,2419
Dessert Walla,18262374,2420
Bedwin Dawat,21332,2421
Classic Snacks,22246,2422
Asian Bistro,25114,2423
Food Fanda,25765,2424
Regale,20717,2425
Mamamia,18265451,2426
Parijat Restaurant,20397,2427
South Indian Cafe,23066,2428
Tandoor Hut,22693,2429
Crazy Food,25625,2430
Mone Rekho,25382,2431
Shri Ram Bhojnalaya,22796,2432
Vista - Hotel Thames International,25214,2433
Munchew,18311129,2434
Mullick Sweets,18070794,2435
Yummy Bites,25541,2436
Sky Lounge - Park Prime,18431447,2437
Chat Pata,18265436,2438
Ganpati Food Plaza,17983792,2439
Hot N Fresh,24901,2440
Weekend Flavour,18017625,2441
Jathamasai Mistanna Bhandar,23980,2442
Sharma Jalpan,23784,2443
Bala G,18287233,2444
Marhaba,18217467,2445
Vriddhi's La Cafe Fresco,18162661,2446
Coffee Blues,25108,2447
Zest Sweets & Snacks,23867,2448
UG Reincarnated - HHI,18224056,2449
Eat Out At Home,25144,2450
Bhikharam Chandmal,24470,2451
Sarathi,25745,2452
Chakraborty Brothers,22728,2453
May Fair Bar & Restauarant,21254,2454
Golden Inn,24143,2455
Burger Jack,18414435,2456
Papa's Kitchen,18421872,2457
Mitali Sweets,24218,2458
Curry Pot,18217479,2459
KK Foods,18162681,2460
Refuel,18325271,2461
Hot N Spice Chaats,25525,2462
Bejing,23561,2463
Manpasand Pure Veg,25064,2464
MRK Fast Food,23763,2465
Riddhi Siddhi,20802,2466
Kabul Kolkata,18386817,2467
Sweet Sensations,25754,2468
Decadence,24904,2469
Bishnu ji Chat Centre,18265444,2470
Cookie Man,22828,2471
Orko'ss Express Cafe,18377114,2472
Moghlai Village,18403759,2473
POP Pride of Punjab,22575,2474
Dosa Hut,18204520,2475
Thau Thau,18237081,2476
Country Roads,23322,2477
Sunset Bar & Restaurant,24588,2478
Roti di Potli,18303884,2479
Rishika,18342941,2480
Yasoda Nimke House,18343766,2481
Annapurna Hotel,22505,2482
Sher E Punjab,24270,2483
Darchini,18386807,2484
Sharughan Sah Muriwala,18431480,2485
Rocks,22748,2486
Chillies,24165,2487
Sky Green Rooftop,18377091,2488
Satyanarayan Misthana Bhandhar,24171,2489
Su China Zone,24784,2490
Biryani & Chinese Hut,23422,2491
New City Restaurant,24176,2492
Biswas Mistanna Bhander,25466,2493
Flavours Of Asia,18325281,2494
Blue Sapphire,21680,2495
Jalajoga Misti,18249174,2496
Agarwal's Pav Bhaji,25096,2497
Anshuprio Foodie Club,22485,2498
Bliss Bakery,25534,2499
Aristo Cafe,22675,2500
Annapurna Sweets,18281741,2501
Ghosh & Co.,18143239,2502
Jaiswal Nimki House,24238,2503
Mouchak,25162,2504
New Noodle Bar,18420407,2505
Diet Box,25066,2506
Galang Gaban,18237057,2507
Ganguram's,24397,2508
Kulfiano,18386813,2509
Kebab Koobideh,24386,2510
Aahar Restaurant,18213997,2511
Marufaz Xpress,18070784,2512
Dhaka Misthana Bhandar,18198673,2513
Bhikharam Chandmal,24468,2514
Anamika Fast  Food Center,25187,2515
Classic Kitchen,18296322,2516
Zaffrani,18361670,2517
PP's Vegan,18431489,2518
Toaste Adda,18386801,2519
Khana Khazana New Chinese Fast Food Centre,22756,2520
Quality Fast Food,18236296,2521
Chennai Express,18143271,2522
Cafe B.I.U.,18287261,2523
Behala Food Corner,24001,2524
Gokul Bhog,18249186,2525
Makhan Lal Das & Sons,23327,2526
Green Salad,18133519,2527
Dubbawala,18309975,2528
Sandwich Wala,18204189,2529
Encrust By Disha Mooljee,25517,2530
Swaad Restaurant,24859,2531
Taraknath Mistanna Bhandar,18224037,2532
Southini,22848,2533
Royal Fast Food,23482,2534
Endrapuri,23153,2535
Eastern Sweets & Confectioner,18281704,2536
Joyguru Mishtan Bhandar,23400,2537
Nasha,22093,2538
Just Biryani,18320016,2539
Alishaan Biryani House,24829,2540
Fast Food Centre,21987,2541
Cassoulet Restaurant,18162654,2542
Parivar Biriyani,22840,2543
Rice Plate Restaurant,24261,2544
Yum Tum,18166936,2545
Shree Krishna Sweets,25446,2546
Hotel Saini Inn,21817,2547
US Burger & Fried Chicken,18297074,2548
Door Of Taste,18134917,2549
Madras Hindu Restaurant,18134905,2550
Zafrani,18270232,2551
Crown South Indian,23991,2552
Deshapran Sweets,25183,2553
Thhek,18353541,2554
Planet Restaurant,25579,2555
Randhan,18361634,2556
The Suruchi Food Center,18198670,2557
Hotel Apanjan,25715,2558
Haji Fast Food Centre,24005,2559
Daawat-e-mughlai,18368649,2560
Veg Foodiezz Cafeteria,24861,2561
Dine Away,18311128,2562
Green Chilli,24122,2563
The Regal Inn,20641,2564
Friend's Cabin,23389,2565
Tea Time Stories,18335557,2566
Nepali Suman's Momo,23474,2567
Biryani Corner,18259465,2568
Bharat Biryani & Restaurant,18237042,2569
Maa Durga Sweets,25622,2570
Elfin Bar & Restaurant,22254,2571
The Biryani Company,18368672,2572
Anir's,18368674,2573
Snacks Corner,22974,2574
Swadisht,18361659,2575
Chinese Panda,18270241,2576
Salki,20678,2577
Food Valley Hotel,25079,2578
Klink - Park Plaza,23415,2579
Dhaka Biryani House,24880,2580
Apu's Kitchen,18270258,2581
NAVRAAJ,18134886,2582
Cookie Man,18325262,2583
On The Rox,22646,2584
Eats,22617,2585
Kay Vee,24103,2586
Suruchi Snacks Corner,22233,2587
The Clove,18420377,2588
The Greedy Owl,18429596,2589
Munch,18217440,2590
Eat Some More,24740,2591
Ruchira,22198,2592
Sabroso,22207,2593
Triasha Indian & Chinese,22930,2594
Cheers - The Astor Hotel,21531,2595
Bijoli Grill,18377077,2596
Gupta Kitchen,18368663,2597
New Satyanarayana Mistana Bhandar,23067,2598
Pink Sugar,18420409,2599
Chennai Xpress,18354595,2600
Mayonnaise,18414431,2601
Spice Counter,18368691,2602
Shree Jai Jalaram Nimki & Sweet House,25735,2603
Pappu Fuchka Wala,18431483,2604
Enerzy,24186,2605
HitWicket,18386783,2606
Cafe Coffee Day,18361675,2607
China Bowl Gold,18354572,2608
Bala Kitchen,18440200,2609
Sip & Sandwich,18420503,2610
Ramji Ghugniwala,18440201,2611
Neelanjana Multi Cuisine Restaurant,23310,2612
Spice Hut,22839,2613
The Food Pavilion,24081,2614
Jalajoga Mishti,18136926,2615
Old Novelty Eating House,25670,2616
Cool Cook,18260515,2617
A1 Haji Fast Food Centre,18323157,2618
Orion Fast Food,24696,2619
Tibetiya,18414413,2620
Sweet Temptations,25556,2621
Menoka Sweets,24224,2622
Tasty Adda,18452230,2623
Aisha Fast Food Centre,23575,2624
Nu Sagar,18198669,2625
Ramanas,18420387,2626
Exotic Eats,18354226,2627
Lalti Food Centre,23681,2628
Ghosh & Co.,18143238,2629
RR Kaizen,25554,2630
Albela Biriyani,25226,2631
Anapurna,25419,2632
China Valley - Golden Parkk,18386806,2633
Park Sweets,18386798,2634
Silver Nest,18217476,2635
Lokenath Sweet & Snacks,18377075,2636
Annapurna Sweets,18237050,2637
Paprika,22379,2638
Sreelagna,18259436,2639
Relish,23129,2640
Cafe Valentino,25568,2641
Royal Food Valley,22151,2642
Food Zone,22845,2643
New Mezban,24618,2644
Haji Malang,23584,2645
Matri Hotel & Restaurant,22023,2646
Hot N Fresh,25160,2647
Ice Queen Parlour,18354608,2648
New Bawarchi,23217,2649
Go Grillzz,18354073,2650
The Quick Bite,18296325,2651
Brick Bakers,18162650,2652
Yummee,21852,2653
Bhog Box,25669,2654
The Sizzle,18431485,2655
Ma Kali Mistanna Bhander,18420363,2656
The Floresta Restaurant,18431442,2657
CH Gope Sweets,22922,2658
Zam Zam,18166905,2659
Cafe B.I.U.,18249159,2660
Radhuni Home Delivery,18232754,2661
Pepperz,18440241,2662
Adiram's,18447690,2663
Just Baked,21024,2664
Cafe Bollywood,24871,2665
Diamond Food,22171,2666
Hotel Minerva,18296360,2667
Gupta Hotel,22909,2668
Amantran Family Restaurant,22891,2669
Zero Miles,18311158,2670
Mahamaya Mistanna Bhandar,23524,2671
Food Zone - Hotel Shivangan & Banquets,25567,2672
Sugar Palette,25695,2673
Thakur Dhaba,22957,2674
Bedwin - Food Plaza,17983795,2675
New Star Haji Biryani,22851,2676
Drop In,22205,2677
Suruchi,21969,2678
Goli Vada Pav,18296321,2679
Punjabi Snacks Bar,23738,2680
Khalsa Hotel,25671,2681
Vojon Restaurant,22847,2682
Mr. Wrappee,18452235,2683
Veg Foodiezz Cafeteria,24602,2684
Dwarka Mistana Bhandar,18134900,2685
Annapurna Sweets,18237041,2686
Rubai's Kitchen,25070,2687
Khabar - The Eatery,18200597,2688
Xebra - The Sports Lounge,24123,2689
Pooja Snacks,20762,2690
Spice O Life,23412,2691
Euphoria - Hotel Senses,24580,2692
Kandy Crush,18287230,2693
The Last Course,24886,2694
Kamat Cafe,18198690,2695
Piyali Restaurant,18236290,2696
Flavours,18398864,2697
North & South Indian,24257,2698
Pizza Lovers,25675,2699
Punjab Hindu Hotel,22615,2700
Swagat Restaurant,24810,2701
Haji Biryani House,22718,2702
Meonis,24820,2703
A-1 Haji Fast Food Centre,18420520,2704
Abhiskar Restaurant,23558,2705
South Indian  Coffee House,18355723,2706
Bakstage BakeHouse,25738,2707
Just Fries,18268611,2708
4B Bakery Street,18452227,2709
Sziszotic Cafe,24486,2710
Seven Maddox Square,25649,2711
Dilli se Dilli,18249183,2712
Pizzicone,18249176,2713
Desi Biryani,18279529,2714
Meringue,25624,2715
Star Manti Biryani,24978,2716
Appayan,24943,2717
New Star Haji Biryani,22494,2718
Ramdas Sweets,18128532,2719
Star Fast Food,24293,2720
Nandan Sweets,18270212,2721
The Arab Knight,18259460,2722
Tasty Folks,18368671,2723
Diki Sikkim Momo,18128638,2724
Town Restaurant,18391315,2725
Banalata,23230,2726
Caterpiller,18366776,2727
Momo Lovers' Delicacyz,18162655,2728
Haldiram's,24896,2729
Club Camacs Mehfill,20141,2730
Unnayan Cabin,25498,2731
Time Pass Fast Food Centre,18325243,2732
Kafe 6/2B,25687,2733
Busy Bites,18431893,2734
Corn & Fries,23925,2735
Javed Biryani,18070787,2736
Kokobana Garden Cafe,18249173,2737
Kali Kebin,22357,2738
Upper Cakes,24643,2739
Bombay Bru,22569,2740
Ichha Puron,18259431,2741
New Rajarshi,24750,2742
D-Den Restro,18311152,2743
Anandamayee Restaurant,25746,2744
Punjabi Dhaba,24942,2745
Shib Namkin & Sweets,24239,2746
Luxmi Caterer and Snacks Bar,25633,2747
Sai Jalpan Junction,18287242,2748
Garden View Restaurant,22566,2749
Chitrakut,23517,2750
The Melting Point,18461731,2751
Jesibo,24669,2752
Vegova,18325255,2753
STM Restaurant,18324535,2754
Hot Bite,18128529,2755
Kwality Roll Corner,22884,2756
The VIP Sweets,24620,2757
Eating House,21287,2758
Petuk Dhaba,18398888,2759
Naaz Fast Food,22643,2760
Som's Fast Food,22371,2761
Mathura Maharaj,18409869,2762
Deshapran Mistanna Bhandar,24477,2763
Laxmi Narayan Misthanna Bhandar,25047,2764
Maa Sitala Mistanna Bhandar,24673,2765
K. C. Das Grandson,22417,2766
Athina Food Valley,18350475,2767
Railway Restaurant & Bar,21453,2768
Gourav Food Corner,18431478,2769
New Rajballavi Sweets,18213976,2770
Liu's Noodle King,18287269,2771
Kulfiano,18386812,2772
Hookah Knight,18325263,2773
Cafe Kabira,18431332,2774
Street Food Junction,22954,2775
Spice Garden,18217438,2776
Amar Key-Chain,18265438,2777
China Blue - Chinese Restaurant,18361663,2778
Coffee World,18313977,2779
Moghal Empire,18361676,2780
6 No Patuli,18440223,2781
Anokha Baghicha,23446,2782
Mistimukh,18270259,2783
Taste and Express,18166933,2784
National Hotel & Restaurant,24783,2785
Foodiezzz Hub,18070781,2786
Kalika Misthana Bhandar,25481,2787
Dhaka Shahi Biriyani House,25742,2788
Rayaz,18227721,2789
Made in China,18224047,2790
Mondal Sweets & Confectioners,24156,2791
Rasoi,18325274,2792
Tasty Cakes & Bakes,25022,2793
Simply Corn,23983,2794
Golok Barman,18259439,2795
Gourmet Plate,18017631,2796
Krishna Sweets,24161,2797
Mistimukh,18386785,2798
The Royal Garden Restaurant,18398894,2799
SriRam Sweets,23526,2800
Aroma Fast Food Hub,18268622,2801
Yum Yum Food Corner,24268,2802
Khyber,18414395,2803
Barir Khabar,18265477,2804
Stock Exchange Tea Stall,18209662,2805
Omji's Restaurant,23139,2806
KaterPillar Reloaded,18346380,2807
Sunset Bar,21607,2808
New Central Hotel,23506,2809
Penetti Coffee House,18288717,2810
Dine 9,18134927,2811
Pancha Banjan,18414408,2812
Plaza 89,18259453,2813
Princess Fast Food Center,18162675,2814
Happy Food Junction,18304538,2815
Rumaan,18377634,2816
Ubique City,24442,2817
Shree Krishna Mistana Bhandar,18281736,2818
Swan Sea,22146,2819
Sagar Biryani Centre,18249154,2820
Paro's Kitchen,18395475,2821
Shree Durga Mistanna Bhandar,24282,2822
Chocopassion,18296367,2823
Ghosh Sweets,24158,2824
Enamiah Restaurant & Caterer,18398871,2825
Ekanto Apon Fast Food Centre,18134889,2826
Pabrai's Fresh and Naturelle Ice Cream,18213951,2827
The Noodle Story,18431476,2828
Shree Ganesh Nasta and Sweets,24166,2829
Raj Fast Food Cafe,18070820,2830
Cake-O-Bake,18424094,2831
New Arsalan Biryani House,23945,2832
The Gourmet Hub,18420397,2833
Snachies,18213982,2834
D Chocolatee,23387,2835
The Calcutta Cravings,18398895,2836
Calcutta Food Co,18398884,2837
Bol Bhai Bol,22699,2838
Desi Bites,18354590,2839
Marufaz Xpress,18354598,2840
Salmco,23091,2841
Chicago Pizza,18420379,2842
Hena Biryani,18304544,2843
Pangong,18368665,2844
Rajkumar Sweets,24204,2845
Kurizma,24989,2846
Karri Klub's Kitchen,18368648,2847
Raju Sweets,24688,2848
Hot Spice,25652,2849
Abar Khaboo,22355,2850
New Haji Sahab Fast Food Center,24142,2851
Bhim Chandra Modak,22907,2852
Mouchak Delicious Sweets,24121,2853
Singh Bros,25499,2854
Gharana - The Big Boss,25751,2855
Avenue Mistanna Bhander,23528,2856
Paris Bar & Restaurant,25054,2857
Durga Puri Hotel,18128482,2858
Alochaya Fast Food,22247,2859
Adaab Hotel & Restaurant,18134896,2860
Roll Center,22876,2861
Jibh-E-Jol,24147,2862
Haldiram,18398876,2863
Indian Quarter - Ffort Raichak,22776,2864
Hindustan Restaurant,22700,2865
Sangam Roll Centre,22885,2866
Reyaz Hotel,23499,2867
Khusbu,20819,2868
Golden Harvest - Golden Parkk,18386804,2869
Dipu Fast Food Centre,22625,2870
Adi Mahaprabhu Mistanna Bhander,18162664,2871
Hunger's Point,18386142,2872
Urbans Cafe,18420375,2873
Shayori's Food Corner,18198672,2874
Lansdowne Weekenders,18439371,2875
Shanti Hotel,22358,2876
Cafe Delight,22528,2877
Indulgence,18431484,2878
Bonfire,18420373,2879
Thai Chi,18377088,2880
Shyam's,25408,2881
Food Land,18356657,2882
M-Lounge - Monotel,22807,2883
Brown County,23313,2884
Annapurna,24865,2885
Bhel Junction,18414417,2886
Upper Cakes,25212,2887
Cafe Upper Crust,25004,2888
Abhinandan Fast Food Centre,24529,2889
China Town,22232,2890
Maharaj,18198659,2891
Hot Ginger,18336163,2892
Subham Home Delivery Services,18243980,2893
A Homebaker's Treat,18416937,2894
Power Play,23453,2895
Mitali Sweets,23978,2896
Aayaan Restaurant,24067,2897
Bhola Fuchka Wala,18270224,2898
Atlantika,22524,2899
Lakhi Hotel,22114,2900
Sarathi,24159,2901
Rajashree Restaurant,21451,2902
Gayetri Fast Food Centre,22956,2903
Ratna Restaurant,24414,2904
Tiny Miny,25663,2905
Deshapriya,24947,2906
Muskan Pet Puja Fast Food Centre,18259446,2907
Hindusthan Sweets,24705,2908
Chai Adda,18420491,2909
Bakery World,18431449,2910
Baba Fast Food,18248980,2911
Bengal Darbar,18413838,2912
The Fish Box,18361649,2913
Ashraf Biryani,24090,2914
Liyaqat Sweets,23121,2915
Paris Cafe,18343726,2916
Madhurima's Kitchen,18265475,2917
Ramesh Chilla Wala,18440199,2918
Love Bites,18377069,2919
Raj Rasoi,21343,2920
Rehan,24703,2921
Misti Mukh,24002,2922
Brother's Snack,18360342,2923
The Gourmet Club,18296343,2924
Chinese & Indian Food,24125,2925
Janta Kitchen,18362285,2926
Hot Lips,18361669,2927
Yum Tum,18249149,2928
Kiran Fast Food Center & Restaurant,24095,2929
Bishal Restaurant,24305,2930
Maria Fast Food,22117,2931
Cafe Coffee,24141,2932
Silver Spoon,18017650,2933
Bhojon Bilasi,18325046,2934
Molly's Home Made,18217463,2935
Super Haji Biryani,22640,2936
La Sweet Art,23743,2937
New Mezban Biriyani Palace,24941,2938
Diamond Biriyani,18143272,2939
Mira's Lil' Bakery,18306125,2940
Big Boss Restora,18198684,2941
Monda Mithai,22906,2942
A-One Biryani,23995,2943
Rock-N-Roll,18198696,2944
Kanha Kitchen,18452236,2945
Priyanka Sweet & South Indian,18432060,2946
Snacks Hut,18420492,2947
Spice Temptation,18424851,2948
Chocojaadu,18296357,2949
Maa Kali Road Centre,23470,2950
Haji Saheb,18288753,2951
Eat Street,18265470,2952
Yummy Hub,25104,2953
Khuro Mahashay,23679,2954
Rollacosta,18270249,2955
Kalika sweets,18281738,2956
Royal Darbar,20673,2957
Jeevan Restaurant,21153,2958
Xpress Cafe,18450993,2959
Snacks Emporium,18251892,2960
New Zaiqa Biryani,24213,2961
Sidd's Hospitality,23936,2962
Dolphin Resturant,18213962,2963
Maa Ke Haath Ka,18411573,2964
Sugar Bliss,25029,2965
Majlish,18224076,2966
A-1 Taj Biryani House,18134921,2967
Biscotti,22744,2968
Expert Shahi Biriyani,25479,2969
Pavni Bakes,18070779,2970
Jyotirmoyee Golden Restaurant,25072,2971
OH! Momo,18168240,2972
Saha Food Snacks,25521,2973
Central Restaurant,22920,2974
Palacio,18420402,2975
Pragya Fast Food,22086,2976
Rahul Restaurant,22506,2977
Ma Bhagwabati Sweets,18153266,2978
Dinobandhu Misthana Bhandar,18198666,2979
Chill Zone,18412699,2980
By The Pass,18433917,2981
Coco Mozart,18343737,2982
The Vegetarian Gourmet,18349042,2983
Food Court,18213970,2984
Dacres Corner,22512,2985
Haldiram's,18017630,2986
Shrimon's Kitchen,24937,2987
HFC,18391272,2988
Cin Shing,18259464,2989
Saanvi's Kitchen,18253621,2990
Chicken King Handa's,18361640,2991
Krill Restaurant,18386802,2992
Calcutta Sweets,25459,2993
The Cafe - Hotel Niharika,23838,2994
Swapnapuri,23585,2995
Bishal Fast Food & Restaurant,18265440,2996
Cakes-O-Mania,18224049,2997
Chandi Mata,24349,2998
Rajarshi Food Court,18259438,2999
Flavors Of East,18413921,3000
Mom's Chinese,18414401,3001
Vinayaka Sweets & Snacks,18281728,3002
Hungry Hut,17983773,3003
JustPressed,18134892,3004
Ayesh,17983770,3005
Albela Biryani,24088,3006
Anamika Eating House,20818,3007
Curd Corner,23183,3008
The Street Food,18414399,3009
Spicy Kolkata,18354585,3010
Circular Cabin,23092,3011
Lotus,21602,3012
Dr. Veggie!,18361707,3013
Nightangle,24879,3014
Park Fast Food Centre,23137,3015
Swagata Restaurant,21560,3016
New Ghosh Brothers,18281734,3017
Bosumati Fast Food Centre,22951,3018
Hot & Spice,18166915,3019
New Roll Center,24985,3020
Snacks Food Centre,23551,3021
D's Cafe,22519,3022
New Delhi Mishtaan Bhandar,23495,3023
Pappu Chaiwalla,18452220,3024
Ashish Hindu Hotel,22694,3025
NS Restaurant,17983771,3026
Ghosh Sweets,23010,3027
Shimnan Fast Food Centre,23082,3028
Vishwanath Snacks,22557,3029
Shakti Mistanna Bhandar,23622,3030
Shimla Biryani,18431051,3031
CRC,18343763,3032
Hotel Sidheshwari Ashram,18288868,3033
Alveena,18377086,3034
Sams Pub,18398860,3035
Sandwichwala,25536,3036
Flavyo,18420483,3037
Foods Ocean,22853,3038
The Ghosh Cabin,22916,3039
Veg Spicy Hut,18312870,3040
Very Berry,25401,3041
Bower Bar & Restaurant,23116,3042
Darchini Cafe,18398893,3043
Flavour-E-India,18281723,3044
M/S Binode Behari Nag Ganesh Chandra Dutta,18361673,3045
Mayur Hotel & Restaurant,24151,3046
Chat Pata,18213984,3047
Hidden Dragon,18213992,3048
Andy's Kitchen,18354568,3049
Mother's Kitchen,18219511,3050
Bamboo,18452216,3051
Mummy's Kitchen,17983774,3052
A-One Restaurant,22536,3053
Ashraf Biryani Centre,22599,3054
Annapurna,24357,3055
Mansukh Bar & Restaurant,23719,3056
Khushi Fast Food Centre,22101,3057
Couter,24918,3058
Didir,23884,3059
Glx Kitchen,18414432,3060
Lovely Sweets,22973,3061
Sizzler,25644,3062
The Cake Fairy,25120,3063
Sree Ma Hotel,23618,3064
Delightful Trends,18237087,3065
Sheela's,21493,3066
Abhilasha Fast Food Centre,23072,3067
Karan Fast Food,23493,3068
Le Chocolat,25582,3069
MNP Snackbar,24227,3070
Kashmir Biryani,22757,3071
Sweet Home,25009,3072
Ashma Fast Food,18265443,3073
Kanupriya Gupta,25602,3074
Hanne's Cafe,18306116,3075
Food Plaaza,18292538,3076
Gupta Eating House,22950,3077
New Mumbai Snacks Fast Food,18265468,3078
Nu Sagar,18224039,3079
Mukhuruchi,24800,3080
Halder Sweets,18222068,3081
Annapurna Mistanna Bhandar,24827,3082
Patchwork Orange,18452239,3083
Bengal Sweets,23119,3084
Soo Fresh,18420398,3085
Paul Sweets,18273238,3086
Maahi Restaurant,22698,3087
Breakout,18431479,3088
Amul Ice Cream Parlour,18429057,3089
Henshel E Bangali Khabar,18414415,3090
Haji Abdul Biryani House,22759,3091
Rashpurna,23401,3092
Kingston Hotel,18134897,3093
Wow Roll,18420507,3094
Gup Shup,18414404,3095
Kalpana Sweets,18429054,3096
Hot Pot,18414421,3097
Sprinkles,22751,3098
Bhimsain Hotel,21439,3099
Jeet Cafe Bar,18386811,3100
Bindass Restaurant,25752,3101
Magical,18361684,3102
Bahama Mama's,18270231,3103
Shankar Cabin,23160,3104
Love at First Bite,25720,3105
Simana Periya,18265433,3106
Jaiswal Tasty Corner,18265449,3107
Pure Milk,24212,3108
Aditya Hindu Hotel,20776,3109
CakeWalk,22867,3110
Kafe Caramel,21600,3111
Green House Snacks Bar,22914,3112
Infusion,18244156,3113
Laxmi Narayan Mistanna Bhandar,24215,3114
Chaitali Sweets,24214,3115
Afreen Biryani House,22683,3116
Mx Corn,18281708,3117
Al Ain,24105,3118
Khushi South Indian Food Plaza,23220,3119
Tewari Restaurant,21283,3120
Dakshina Kali Mistanna Bhandar,23403,3121
Fast Food Centre,23507,3122
Hungry,24285,3123
Hot Dhaba,23504,3124
Bhel Junction,18281712,3125
Coffi Chat,18296474,3126
Tasty Plaza,18326097,3127
Bably's Fast Food,18209505,3128
Chung Fa,18254762,3129
Protima Sweets,24226,3130
Snow Gola,24595,3131
Savoury Travels,18337977,3132
Corn Center,25411,3133
Laxmi Narayan Mistanna Bhandar,24148,3134
Tanmoy Fast Food Center,22085,3135
Mishti Mukh,23860,3136
Gupta Hotel,22949,3137
KIFO - Food's by Kilo,18458033,3138
Sree Bakes,18354582,3139
Dhaba @ 66,25135,3140
Red Bellpepper,18347798,3141
Shyam Andhra Mess,22749,3142
Bhoj On,18272767,3143
Soo Fresh,18420476,3144
Rhythms,22529,3145
Amantran,18209669,3146
Sizzling Sizzler,18213994,3147
Red Chillies,18373045,3148
Sher E Bengal,18134911,3149
Shree Krishna Veg Kitchen,18281709,3150
Hygienic Food Cabin,25241,3151
Glx Kitchen,18343842,3152
Chef & Best Fast Food,23514,3153
79/10 Henshel,18393385,3154
Heyat Corner,25438,3155
Tripti,24066,3156
Hanglabari,24010,3157
Happy Indian Food,18332692,3158
Crispy,18342024,3159
Hot Nuts,18213968,3160
Townhouse 10,18357460,3161
The Upvan Confectionery,25151,3162
Leaves 'n Aroma,18161781,3163
Hungry Hut,17983767,3164
Mangalam,24819,3165
Ambalika Food Plaza,22180,3166
Pee Kay Khana,18070814,3167
Anup Hotel,22971,3168
New Sangam Roll,24960,3169
Shubham,18386781,3170
Champian Snacks Food,22859,3171
New Red Chilli,17983765,3172
Ghosh Sweets,24217,3173
The Noodle Story,18440237,3174
N.J. Nagpal Desserts,18280458,3175
Sree Krishna Sweets,18441018,3176
Golden Heaven,18265460,3177
Rega,18420405,3178
Ulaaas Bar cum Restaurant,25492,3179
The Box,18420505,3180
Cafe Ekante,18398898,3181
Spice Garden,18354597,3182
Choice,18398855,3183
K G N Nasir Hotel,18281731,3184
Lucknow Biryani,18433213,3185
On The Roll,18414423,3186
Sai Jalpan Junction,18431448,3187
Bablu Sweets,22328,3188
Cafe Ekante Nazrul Tirtha,18311149,3189
Mehmaan,18443214,3190
Dawat,18224041,3191
Nidhees Fast Food,18205884,3192
Verma's Cafe,18432651,3193
New Delhi Hotel,23540,3194
Aminia House,18378565,3195
Maat,18256887,3196
The New Indian Restaurant,25222,3197
Con-T,24586,3198
Laskar Biriyani House,24203,3199
Amsterdum,18369928,3200
Afzal Biryani & Fast Food,24138,3201
Sri Balaji South Indian Mess,22753,3202
Tummy Time,18287255,3203
Mom's Chaats,18414396,3204
Swad Snacks Bar,23737,3205
Sristi Fast Food Centre,23532,3206
Sima's Fast Food Centre,22860,3207
Onkar Hotel,18143261,3208
Sri Krishna Mistanna Bhander,18352364,3209
Al - Falah,23971,3210
Krishna Food Canteen,24491,3211
Waterfall Bar & Restaurant,18070786,3212
New Mezban Biryani,18414406,3213
Simply Corn,18325286,3214
Paul Fast Food Center,25569,3215
Gulzar Biryani,22680,3216
Young Star Restaurant,23958,3217
Skewers,18440212,3218
Star Vada Pav,25110,3219
Rimi Biryani & Snacks Corner,18390347,3220
Arunoday Eating House,22031,3221
Food Cafe,18270217,3222
Varsha's Desserts,25097,3223
Chowdhury Sweet House,23944,3224
Chauhan Victoria Vada,18452202,3225
The Bhoj Company,18440243,3226
Global Bengal,18380525,3227
Gold - JW Marriott,18448930,3228
Veg Dhaba,18343735,3229
Chutney veg restaurant,18398890,3230
Embassy Bar & Restaurant,22647,3231
Grand Sweets,25407,3232
CFC,18213990,3233
Yash Cakes,23125,3234
Super Janata Jalpan,18017636,3235
Chopstick,18368669,3236
Meher Caterers,18343727,3237
HomeLand,18333361,3238
Food Stall,18270213,3239
Mizz World,23413,3240
Morning Meal By Mom,18420406,3241
Shahi,18213996,3242
Michelle's Foods,24818,3243
Swagatam,24878,3244
Banzaara,25484,3245
Hazrat Special Biryani,25488,3246
The Punjabis,22832,3247
3H Foodyz,17983772,3248
Walia Da Dhaba,24706,3249
Food Plaza,23736,3250
Maa Annapurna Sweet,24742,3251
Sweet Nothings,18162677,3252
Amantran Restaurant,24115,3253
Rassta Cafe,18395075,3254
Ni Hao! Tea House,18235402,3255
Salt n Spice,18224509,3256
Monjoy Sweets & Confectionary,23107,3257
Sweet Revenge,23488,3258
Lakshmi Narayan Punjabi Hotel,18134914,3259
Rajballavi Sweets,18281711,3260
Ikathi.com,18237076,3261
Jhumki Fast Food Centre,22501,3262
Gouri Sweets,18259461,3263
Chabbis January,24893,3264
Tara Maa Sweets & Confectioners,24163,3265
New Shibani Sweets,23105,3266
Velvetiine,18431451,3267
TRO - The Rollover,18461724,3268
TRO - The Rollover,18452240,3269
Marwar Junction,18420513,3270
TRO - The Rollover,18461725,3271
Kathi Junction,18440225,3272
Ritesh Cafe,18440779,3273
Genuine Broaster Chicken,18452229,3274
Swarnachura,18452215,3275
Apna Pizza,18431450,3276
Cafelogy,18439723,3277
Abar Khaboo,18439471,3278
Maple The Kitchen,18398892,3279
Sharma Sweets,18452203,3280
Ganesh Pav Bhaji,18420514,3281
New Veselka,18420495,3282
The Cafe Cube,18311138,3283
Bunkers Dhaba,18377104,3284
Barddhaman's,18420389,3285
Mirchii,25433,3286
Green Chilli's,18256888,3287
Dosa Plaza,18398886,3288
Chill Pill,18213980,3289
Vimal Das Fast Food,24930,3290
Wok N Grill,18368651,3291
Barua Eating House,23554,3292
Aoji Khaoji,18431473,3293
New Hotel,22696,3294
Pancho Byanjon,25515,3295
Momo's Corner,18420496,3296
Jhaaj lobongo,18325242,3297
New Chacha Hindu Hotel,22690,3298
Sai Cafe,18354581,3299
Dil Se Food Plaza,18281729,3300
Teatime Bakes,25051,3301
Mughal Biryani,18281732,3302
Ashirbad,18224053,3303
Thirsty,18431470,3304
Natraj Sweets,24353,3305
Bella Biryani,22636,3306
Rekha Line Restaurant,25533,3307
Zion Zest,18275303,3308
Bawarchi Ghar,18249137,3309
New Beharilal Sweets,24949,3310
Maahi Restaurant,24790,3311
Streat kitchen,18420411,3312
Shibanna Sweet Shop,18217471,3313
Nipaz,18393919,3314
Sweet India,18273239,3315
Kebab Junction,18440202,3316
Street Cafe,18440229,3317
Mughal Samrajyo,18437641,3318
T AND T KITCHEN,18385350,3319
Delicious Too,18264753,3320
Rajkachori and Tea Stall,18452199,3321
Bui Bui's,25592,3322
Pramathanath Mistanno Bhandar,18386208,3323
Fumi Villa,18420486,3324
Fabbrica Della Pizza,18420478,3325
Arrk,18361683,3326
Bedouin Restaurant,18440226,3327
IFB Minute Meals,18420394,3328
Azad Dhaba,18452228,3329
Makhaana,18440238,3330
Dragon Shack,18368670,3331
Keventers,18452234,3332
The Howrah Bridge,18431488,3333
Yumlafood.com,18393395,3334
South Express,18431467,3335
Officer's Kitchen,18452223,3336
Cafe Coffee Day,18455301,3337
Anand's Veggie Delight,18440215,3338
Sandhya's Kitchen,18143275,3339
Jana Food Cafe,18432040,3340
Wow! Momo,18451807,3341
Pirates Of Bengal,18444746,3342
Deep Restaurant,18420399,3343
On Time,18461728,3344
Panna's Fresh N Bakes,18460690,3345
Ram Bhog Fast Food Centre and Restaurant,18346669,3346
Sahi Dawat,18461733,3347
Sen5es,18461737,3348
The Bar - The Oberoi Grand,18461738,3349
Gazab Ba Restaurant,18462847,3350
The Tasty Bites,18463798,3351
